-- MySQL dump 10.13  Distrib 8.0.28, for Win64 (x86_64)
--
-- Host: localhost    Database: sqlquanlyhocphan
-- ------------------------------------------------------
-- Server version	8.0.28

/*!40101 SET @OLD_CHARACTER_SET_CLIENT=@@CHARACTER_SET_CLIENT */;
/*!40101 SET @OLD_CHARACTER_SET_RESULTS=@@CHARACTER_SET_RESULTS */;
/*!40101 SET @OLD_COLLATION_CONNECTION=@@COLLATION_CONNECTION */;
/*!50503 SET NAMES utf8 */;
/*!40103 SET @OLD_TIME_ZONE=@@TIME_ZONE */;
/*!40103 SET TIME_ZONE='+00:00' */;
/*!40014 SET @OLD_UNIQUE_CHECKS=@@UNIQUE_CHECKS, UNIQUE_CHECKS=0 */;
/*!40014 SET @OLD_FOREIGN_KEY_CHECKS=@@FOREIGN_KEY_CHECKS, FOREIGN_KEY_CHECKS=0 */;
/*!40101 SET @OLD_SQL_MODE=@@SQL_MODE, SQL_MODE='NO_AUTO_VALUE_ON_ZERO' */;
/*!40111 SET @OLD_SQL_NOTES=@@SQL_NOTES, SQL_NOTES=0 */;

--
-- Dumping data for table `chuongtrinhkhung`
--

LOCK TABLES `chuongtrinhkhung` WRITE;
/*!40000 ALTER TABLE `chuongtrinhkhung` DISABLE KEYS */;
INSERT INTO `chuongtrinhkhung` VALUES ('CNCTM','MHP01',1),('CNCTM','MHP05',1),('CNCTM','MHP06',1),('CNCTM','MHP07',2),('CNCTM','MHP08',2),('KTPM','MHP01',1),('KTPM','MHP02',1),('KTPM','MHP03',2),('KTPM','MHP04',2),('KTPM','MHP09',1),('KTPM','MHP10',1),('KTPM','MHP11',1),('KTPM','MHP25',2),('NNA','MHP12',1),('NNA','MHP13',1),('NNA','MHP14',1),('NNA','MHP15',1),('NNA','MHP16',1),('NNA','MHP17',1),('NNA','MHP19',2),('NNA','MHP20',2),('NNA','MHP21',2),('NNA','MHP22',2),('NNA','MHP23',2),('NNA','MHP24',2);
/*!40000 ALTER TABLE `chuongtrinhkhung` ENABLE KEYS */;
UNLOCK TABLES;

--
-- Dumping data for table `chuyennganh`
--

LOCK TABLES `chuyennganh` WRITE;
/*!40000 ALTER TABLE `chuyennganh` DISABLE KEYS */;
INSERT INTO `chuyennganh` VALUES ('CNCTM','Công nghệ chế tạo máy','CNCKH'),('CNKTCDT','Công nghệ kỹ thuật cơ điện tử','CNCKH'),('CNKTCK','Công nghệ kĩ thuật cơ khí','CNCKH'),('CNTT','Công nghệ thông tin','CNTT'),('HTTT','Hệ thống thông tin','CNTT'),('KHMT','Khoa học máy tính','CNTT'),('KTPM','Kỹ Thuật Phần Mềm','CNTT'),('NNA','Ngôn ngữ anh','NN');
/*!40000 ALTER TABLE `chuyennganh` ENABLE KEYS */;
UNLOCK TABLES;

--
-- Dumping data for table `giangvien`
--

LOCK TABLES `giangvien` WRITE;
/*!40000 ALTER TABLE `giangvien` DISABLE KEYS */;
INSERT INTO `giangvien` VALUES ('GV1','Nguyễn Văn A','20 Phan Huy, Gò Vấp , tpHCM','Nam','1950-09-06','0988455154','CNTT'),('GV10','Nguyễn Văn Hùng','Đồng Nai','Nam','1996-08-15','0912345678','CNTT'),('GV11','Nguyễn Đinh Hoàng Mỹ','Đồng Nai','Nam','1996-07-12','0342759034','NN'),('GV12','Cao Thành Danh','Đồng Nai','Nam','1996-09-13','0978945612','CNCKH'),('GV13','Nguyễn Việt Tiến','Xã Tam Phú, Thành phố Tam Kỳ, Tỉnh Quảng Nam','Nam','1990-08-16','0312345687','NN'),('GV14','Phạm Anh Tuấn','Xã Tam Đông, Thành phố Tam Kỳ, Tỉnh Quảng Nam','Nam','1990-08-18','0312345645','NN'),('GV15','Đỗ Thị Thu Diệp','Xã Mỹ Hòa, Thành phố Tam Kỳ, Tỉnh Quảng Nam','Nữ','1991-08-18','0312345665','NN'),('GV16','Nguyễn Ngọc Bảo Duy','Xã Mỹ Hòa, Thành phố Tam Kỳ, Tỉnh Quảng Nam','Nam','1989-08-18','0312345612','NN'),('GV17','Đặng Trường An','Khối phố Mỹ Hòa, Thành phố Tam Kỳ, Tỉnh Quảng Nam','Nam','1989-08-18','0312345632','NN'),('GV18','Nguyễn Trần Ngọc Tới','Khối phố Mỹ Hòa, Thành phố Tam Kỳ, Tỉnh Quảng Nam','Nam','1985-08-18','0312345614','NN'),('GV19','Lê An Thịnh Phát','Tam Phú,Thành phố Tam Kỳ,Tỉnh Quảng Nam','Nam','1985-08-18','0312345615','NN'),('GV2','Nguyễn Văn B','13 Nguyễn Bảo, Gò Vấp, tpHCM','Nam','1950-09-10','0988343124','CNTT'),('GV20','Lê Thị Nguyên','Phường Hoà Khê, Quận Thanh Khê, Đà Nẵng','Nữ','1985-08-18','0312345616','NN'),('GV21','Bùi Thị Mỹ Duyên','Phường Hoà Khê, Quận Thanh Khê, Đà Nẵng','Nữ','1990-08-18','0312345617','NN'),('GV22','Trần Cao Tường','Phường Hoà Minh, Quận Liên Chiểu, Đà Nẵng','Nam','1990-08-18','0312345618','NN'),('GV23','Thái Huy Hoàng','Phường Hoà Thuận Đông, Quận Hải Châu, Đà Nẵng','Nam','1990-08-18','0312345619','NN'),('GV3','Nguyễn Văn C','14 Nguyễn Bảo, Gò Vấp, tpHCM','Nam','1950-09-11','0988343125','CT'),('GV4','Nguyễn Văn D','15 Nguyễn Bảo, Gò Vấp, tpHCM ','Nam','1950-09-12','0988343126','CT'),('GV5','Nguyễn Thị A','16 Nguyễn Bảo, Gò Vấp, tpHCM','Nữ','1950-09-15','0988343127','DT'),('GV6','Nguyễn Thị B','17 Nguyễn Bảo, Gò Vấp, tpHCM','Nữ','1950-09-16','0988343128','DT'),('GV7','Nguyễn Thị C','1 Phan Văn Trị, Gò Vấp, tbHCM','Nữ','1950-09-17','0988343129','KHCB'),('GV8','Nguyễn Thị D','2 Phan Văn Trị, Gò Vấp, tbHCM','Nữ','1950-09-18','0988343110','NN'),('Test1','Văn A','đồng nai','Nam','2000-11-03','909526211','CNTT'),('Test2','Văn B','đồng nai','Nam','2000-11-04','909526211','CNTT'),('Test3','Văn C','đồng nai','Nam','2000-11-05','909526211','CNTT'),('Test4','Văn D','quảng ngãi','Nữ','2000-11-06','909526211','CNTT');
/*!40000 ALTER TABLE `giangvien` ENABLE KEYS */;
UNLOCK TABLES;

--
-- Dumping data for table `hocky`
--

LOCK TABLES `hocky` WRITE;
/*!40000 ALTER TABLE `hocky` DISABLE KEYS */;
INSERT INTO `hocky` VALUES (1),(2),(3),(4);
/*!40000 ALTER TABLE `hocky` ENABLE KEYS */;
UNLOCK TABLES;

--
-- Dumping data for table `khoa`
--

LOCK TABLES `khoa` WRITE;
/*!40000 ALTER TABLE `khoa` DISABLE KEYS */;
INSERT INTO `khoa` VALUES ('CNCKH','Công nghệ cơ khí '),('CND','Công nghệ điện'),('CNDL','Công nghệ động lực'),('CNHH','Công nghệ hóa học'),('CNMTTR','Công nghệ may thời trang'),('CNNHL','Công nghệ nhiệt lạnh'),('CNTT','Công Nghệ Thông Tin'),('CT','Chính Trị'),('DT','Điện Tử'),('HHa','Lý luận cơ bản update'),('KHCB','Khoa Học Cơ Bản'),('KL','Luật'),('KTKT','Kế toán kiểm toán'),('KTXD','Kỹ thuật xây dựng'),('NN','Ngoại Ngữ'),('QP','Quốc Phòng'),('QTKD','Quản trị kinh doanh'),('TCNN','Tài chính ngân hàng'),('TD','Thể Dục'),('TMDL','Thương mại du lịch');
/*!40000 ALTER TABLE `khoa` ENABLE KEYS */;
UNLOCK TABLES;

--
-- Dumping data for table `lopbienche`
--

LOCK TABLES `lopbienche` WRITE;
/*!40000 ALTER TABLE `lopbienche` DISABLE KEYS */;
INSERT INTO `lopbienche` VALUES ('MLBC1','Lớp biên chế 1','GV3',2016,40);
/*!40000 ALTER TABLE `lopbienche` ENABLE KEYS */;
UNLOCK TABLES;

--
-- Dumping data for table `lophocphan`
--

LOCK TABLES `lophocphan` WRITE;
/*!40000 ALTER TABLE `lophocphan` DISABLE KEYS */;
INSERT INTO `lophocphan` VALUES ('Haha',60,'MHP30','2021-2022',1,0),('HEHE',40,'MHP03','2021-2022',3,0),('LHP01',60,'MHP01','2021-2022',1,50),('LHP02',60,'MHP01','2021-2022',1,31),('LHP03',60,'MHP01','2021-2022',1,60),('LHP04',60,'MHP02','2021-2022',1,41),('LHP05',60,'MHP02','2021-2022',1,42),('LHP10',70,'MHP10','2021-2022',1,41),('LHP11',70,'MHP10','2021-2022',1,70),('LHP12',70,'MHP10','2021-2022',1,16),('LHP13',70,'MHP10','2021-2022',1,60),('LHP14',70,'MHP10','2021-2022',1,30),('LHP15',70,'MHP09','2021-2022',1,51),('LHP16',70,'MHP09','2021-2022',1,70),('LHP17',70,'MHP09','2021-2022',1,40),('LHP18',70,'MHP11','2021-2022',1,50),('LHP19',70,'MHP11','2021-2022',1,30),('LHP20',70,'MHP11','2021-2022',1,21),('LHP21',70,'MHP11','2021-2022',1,50),('LHP22',70,'MHP11','2021-2022',1,31),('LHP23',70,'MHP11','2021-2022',1,40),('LHP24',70,'MHP11','2021-2022',1,50),('LHP25',70,'MHP12','2021-2022',1,60),('LHP26',70,'MHP12','2021-2022',1,60),('LHP27',70,'MHP12','2021-2022',1,50),('LHP28',70,'MHP12','2021-2022',1,50),('LHP29',70,'MHP12','2021-2022',1,10),('LHP30',70,'MHP13','2021-2022',1,15),('LHP31',70,'MHP13','2021-2022',1,60),('LHP32',70,'MHP13','2021-2022',1,50),('LHP33',70,'MHP13','2021-2022',1,15),('LHP34',70,'MHP14','2021-2022',1,60),('LHP35',70,'MHP14','2021-2022',1,60),('LHP36',70,'MHP14','2021-2022',1,10),('LHP37',70,'MHP14','2021-2022',1,25),('LHP38',70,'MHP15','2021-2022',1,30),('LHP39',70,'MHP15','2021-2022',1,27),('LHP40',70,'MHP15','2021-2022',1,26),('LHP41',70,'MHP15','2021-2022',1,23),('LHP42',70,'MHP16','2021-2022',1,50),('LHP43',70,'MHP16','2021-2022',1,50),('LHP44',70,'MHP16','2021-2022',1,10),('LHP45',70,'MHP16','2021-2022',1,2),('LHP46',70,'MHP17','2021-2022',1,60),('LHP47',70,'MHP17','2021-2022',1,70),('LHP48',70,'MHP17','2021-2022',1,10),('LHP49',70,'MHP17','2021-2022',1,3),('LHP50',50,'MHP03','2021-2022',2,0),('LHP51',60,'MHP01','2021-2022',1,0),('LHP52',60,'MHP01','2021-2022',1,0),('TEST1',50,'MHP01','2021-2022',1,0),('TEST2',60,'MHP02','2021-2022',2,0),('TEST3',40,'MHP03','2021-2022',3,0),('TEST4',30,'MHP04','2021-2022',1,0);
/*!40000 ALTER TABLE `lophocphan` ENABLE KEYS */;
UNLOCK TABLES;

--
-- Dumping data for table `monhocphan`
--

LOCK TABLES `monhocphan` WRITE;
/*!40000 ALTER TABLE `monhocphan` DISABLE KEYS */;
INSERT INTO `monhocphan` VALUES ('MHP01','Toán Cao Cấp 1',3,'Lý Thuyết','Có','KHCB',''),('MHP02','Lập trình cơ bản',2,'Thực hành','Có','CNTT',''),('MHP03','Toán Cao Cấp 2',3,'Lý Thuyết','Có','KHCB','MHP01'),('MHP04','Kỹ thuật lập trình',2,'Thực hành','Có','CNTT','MHP02'),('MHP05','Hệ quản trị cơ sở dữ liệu',3,'Lý thuyết','Có','CNTT',''),('MHP06','Toán rời rạc',3,'Lý thuyết','Có','CNTT',''),('MHP07','Phân tích thiết kế hệ thống',3,'Lý thuyết','Có','CNTT','MHP05'),('MHP08','Lập trình hướng đối tượng',3,'Thực hành','Có','CNTT',''),('MHP09','Nhập môn tin học',3,'Lý thuyết','Có','CNTT',''),('MHP10','Những nguyên lý của chủ nghĩa mác lênin',3,'Lý thuyết','Có','KHCB',''),('MHP11','Anh Văn 1',2,'Lý thuyết','Có','NN',''),('MHP12','Ngữ pháp',2,'Lý thuyết','Có','NN',''),('MHP13','Nghe 1',3,'Lý thuyết','Có','NN',''),('MHP14','Nói 1',3,'Lý thuyết','Có','NN',''),('MHP15','Đọc 1',3,'Lý thuyết','Có','NN',''),('MHP16','Viết 1',3,'Lý thuyết','Có','NN',''),('MHP17','Ngữ âm',3,'Lý thuyết','Có','NN',''),('MHP18','Toán cao cấp 3',2,'Lý thuyết','Có','CNCKH','MHP03'),('MHP19','Ngữ âm 2',2,'Lý thuyết','Có','NN','MHP17'),('MHP20','Ngữ pháp 2',2,'Lý thuyết','Có','NN','MHP12'),('MHP21','Nghe 2',3,'Lý thuyết','Có','NN','MHP13'),('MHP22','Nói 2',2,'Lý thuyết','Có','NN','MHP14'),('MHP23','Đọc 2',2,'Lý thuyết','Có','NN','MHP15'),('MHP24','Viết 2',3,'Lý thuyết','Có','NN','MHP16'),('MHP25','Anh Văn 2',2,'Lý thuyết','Có','NN','MHP11'),('MHP26','Nghe 3',2,'Lý thuyết','Có','NN','MHP21'),('MHP30','Lý luận cơ bản ha',5,'Lý thuyết','có','CNTT',''),('MHP31','Lý luận cơ bản ha',12,'Lý thuyết','có','HHa',''),('TEST2','Lý luận cơ bản',11,'Lý thuyết','Có','CT','MHP02'),('TEST3','Anh văn',12,'Lý thuyết','Có','CT','MHP03'),('TEST4','Cơ khí xăng dầu',13,'Lý thuyết','Có','CT','MHP04');
/*!40000 ALTER TABLE `monhocphan` ENABLE KEYS */;
UNLOCK TABLES;

--
-- Dumping data for table `nam`
--

LOCK TABLES `nam` WRITE;
/*!40000 ALTER TABLE `nam` DISABLE KEYS */;
INSERT INTO `nam` VALUES ('2020-2021'),('2021-2022'),('2022-2023'),('2022-2025'),('2023-2024');
/*!40000 ALTER TABLE `nam` ENABLE KEYS */;
UNLOCK TABLES;

--
-- Dumping data for table `nhanvienphongdaotao`
--

LOCK TABLES `nhanvienphongdaotao` WRITE;
/*!40000 ALTER TABLE `nhanvienphongdaotao` DISABLE KEYS */;
INSERT INTO `nhanvienphongdaotao` VALUES ('01','Văn B','1  Nguyên Thái Sơn, Gò Vấp, tpHCM','2334445642','1990-07-09','Nam','CNTT'),('02','Văn A','57 Nguyên Thái Sơn, Gò Vấp, tpHCM','2334445641','1990-03-09','Nam','CNTT'),('03','Văn C','2  Nguyên Thái Sơn, Gò Vấp, tpHCM','2334445644','1990-07-09','Nam','CNTT'),('04','Văn D','3  Nguyên Thái Sơn, Gò Vấp, tpHCM','2334445645','1990-07-09','Nữ','CNTT'),('05','Văn G','5  Nguyên Thái Sơn, Gò Vấp, tpHCM','2334445643','1990-07-09','Nữ','CNTT'),('06','Văn UI','6  Nguyên Thái Sơn, Gò Vấp, tpHCM','2334445648','1990-07-09','Nữ','CNTT'),('07','Nguyen Test','12 Nguyen Van Bao','0911094849','2021-11-03','Nam','CNTT');
/*!40000 ALTER TABLE `nhanvienphongdaotao` ENABLE KEYS */;
UNLOCK TABLES;

--
-- Dumping data for table `nhom`
--

LOCK TABLES `nhom` WRITE;
/*!40000 ALTER TABLE `nhom` DISABLE KEYS */;
INSERT INTO `nhom` VALUES ('LT'),('Lý Thuyết'),('TH1'),('TH2'),('Thực Hành 1'),('Thực Hành 2');
/*!40000 ALTER TABLE `nhom` ENABLE KEYS */;
UNLOCK TABLES;

--
-- Dumping data for table `phieudangkylhp`
--

LOCK TABLES `phieudangkylhp` WRITE;
/*!40000 ALTER TABLE `phieudangkylhp` DISABLE KEYS */;
INSERT INTO `phieudangkylhp` VALUES ('0001','LHP01','LT',8,7,8,8.5),('0001','LHP05','LT',NULL,NULL,NULL,NULL),('0001','LHP05','TH1',NULL,NULL,NULL,NULL),('0001','LHP12','LT',NULL,NULL,NULL,NULL),('0001','LHP15','LT',NULL,NULL,NULL,NULL),('0001','LHP22','LT',NULL,NULL,NULL,NULL),('0002','LHP02','LT',8,8,9,7),('0002','LHP05','LT',7,7.5,7,8),('0002','LHP05','TH1',NULL,NULL,NULL,NULL),('0002','LHP10','LT',7,8,10,7),('0002','LHP20','LT',7,7,8,8);
/*!40000 ALTER TABLE `phieudangkylhp` ENABLE KEYS */;
UNLOCK TABLES;

--
-- Dumping data for table `phonghoc`
--

LOCK TABLES `phonghoc` WRITE;
/*!40000 ALTER TABLE `phonghoc` DISABLE KEYS */;
INSERT INTO `phonghoc` VALUES ('A0.1(LT)'),('A0.2(LT)'),('A0.3(LT)'),('A0.4(LT)'),('A1.1(LT)'),('A1.2(LT)'),('A1.3(LT)'),('A1.4(LT)'),('A1.5(LT)'),('B0.1(TH)'),('B0.2(TH)'),('B0.3(TH)'),('B0.4(TH)'),('C0.1(LT)'),('C0.2(LT)'),('C0.3(LT)'),('C0.4(LT)'),('C1.1(LT)'),('C1.2(LT)'),('C1.3(LT)'),('G5.1(LT)');
/*!40000 ALTER TABLE `phonghoc` ENABLE KEYS */;
UNLOCK TABLES;

--
-- Dumping data for table `sinhvien`
--

LOCK TABLES `sinhvien` WRITE;
/*!40000 ALTER TABLE `sinhvien` DISABLE KEYS */;
INSERT INTO `sinhvien` VALUES ('0001','số 1 đường Quang Trung, Gò Vấp, tpHCM','Nam','Nguyễn Văn Trung','2000-02-03','1234567890','2019-2023'),('0002','số 2 đường Quang Trung, Gò Vấp, tpHCM','Nữ','Phạm Thị Lệ','2000-07-07','1234556770','2019-2023'),('0003','số 3 đường Quang Trung, Gò Vấp, tpHCM','Nam','Nguyễn Văn Tùng 2','2000-07-08','1234556790','2018-2022'),('0004','số 4 đường Quang Trung, Gò Vấp, tpHCM','Nam','Nguyễn Văn Hùng','2000-02-03','2234556770','2019-2023'),('0005','số 5 đường Quang Trung, Gò Vấp, tpHCM','Nam','Nguyễn Văn Toàn','2000-07-09','1234556771','2020-2024'),('0006','số 6 đường Quang Trung, Gò Vấp, tpHCM','Nam','Nguyễn Văn Pháp','2000-11-12','1234556773','2019-2023'),('0007','số 7 đường Quang Trung, Gò Vấp, tpHCM','Nữ','Phạm Thị Yến','2000-11-12','1234556774','2019-2023'),('0008','số 8 đường Quang Trung, Gò Vấp, tpHCM','Nữ','Phạm Thị Hương','2002-08-14','1234556778','2019-2023'),('0009','số 9 đường Quang Trung, Gò Vấp, tpHCM','Nữ','Phạm Thị Duyên','2000-12-13','1234556779','2019-2023'),('0010','Đồng Nai ','Nam','Cao Thành Danh','2000-07-15','0312345678','2019-2023'),('0011','42/3D Ấp Tây Nam, Xã Gia Kiệm, Huyện Thống Nhất,Tỉnh Đồng Nai','Nam','Nguyễn Hoàng Mỹ','2000-07-09','0342759034','2019-2023'),('0012','42/3D Ấp Tây Nam, Xã Gia Kiệm, Huyện Thống Nhất,Tỉnh Đồng Nai','Nam','Nguyễn Huy Hảo','2000-07-09','0312345678','2019-2023'),('0013','Đồng Nai','Nam','Nguyễn Việt Tiến','2000-02-03','0312345679','2019-2023'),('0014','Đồng Nai','Nam','Đinh Ngọc Thảo Vy','2000-02-03','0312365498','2019-2023'),('0015','Ha Tinh','Nam','Nguyễn Văn Bảo','2000-02-03','0911099009','2019-2023'),('0017','đồng nai','Nam','Văn A','2000-11-03','909526211','2019-2023'),('0018','đồng nai','Nam','Văn B','2000-11-04','909526211','2019-2023'),('0019','đồng nai','Nam','Văn C','2000-11-05','909526211','2019-2023'),('0020','quảng ngãi','Nữ','Văn D','2000-11-06','909526211','2019-2023');
/*!40000 ALTER TABLE `sinhvien` ENABLE KEYS */;
UNLOCK TABLES;

--
-- Dumping data for table `sinhvien_thuoc_lop_bien_che`
--

LOCK TABLES `sinhvien_thuoc_lop_bien_che` WRITE;
/*!40000 ALTER TABLE `sinhvien_thuoc_lop_bien_che` DISABLE KEYS */;
INSERT INTO `sinhvien_thuoc_lop_bien_che` VALUES ('0001','MLBC1'),('0002','MLBC1'),('0003','MLBC1'),('0004','MLBC1');
/*!40000 ALTER TABLE `sinhvien_thuoc_lop_bien_che` ENABLE KEYS */;
UNLOCK TABLES;

--
-- Dumping data for table `sinhvien_thuoc_nganh`
--

LOCK TABLES `sinhvien_thuoc_nganh` WRITE;
/*!40000 ALTER TABLE `sinhvien_thuoc_nganh` DISABLE KEYS */;
INSERT INTO `sinhvien_thuoc_nganh` VALUES ('0012','CNCTM'),('0013','CNCTM'),('0014','CNCTM'),('0001','KTPM'),('0002','KTPM'),('0003','KTPM'),('0004','KTPM'),('0005','KTPM'),('0006','KTPM'),('0007','KTPM'),('0008','KTPM'),('0009','KTPM'),('0017','KTPM'),('0018','KTPM'),('0019','KTPM'),('0020','KTPM'),('0010','NNA'),('0011','NNA'),('0015','NNA');
/*!40000 ALTER TABLE `sinhvien_thuoc_nganh` ENABLE KEYS */;
UNLOCK TABLES;

--
-- Dumping data for table `sysdiagrams`
--

LOCK TABLES `sysdiagrams` WRITE;
/*!40000 ALTER TABLE `sysdiagrams` DISABLE KEYS */;
INSERT INTO `sysdiagrams` VALUES ('Diagram_0',1,1,1,_binary '\\ࡱ\Z\\0\0\0\0\0\0\0\0\0\0\0\0\0\0\0\0>\0\0	\0\0\0\0\0\0\0\0\0\0\0\0\0\0\0\0\0\0\0\0\0\0\0\0\0/\0\0\0\0\0\0\0\0\0\0\0\0\0\01\0\0\0\0\0\0\0\0\0\0\0\0\0\0\0\0\0\0\0\0\0	\0\0\0\n\0\0\0\0\0\0\0\0\0\0\0\0\0\0\0\0\0\0\0\0\0\0\0\0\0\0\0\0\0\0\0\0\0\0\0\0\0\0\0\0\0\0\0\0\0\Z\0\0\0\0\0\0\0\0\0\0\0\0\0\0\0\0\0\0 \0\0\0!\0\0\0\"\0\0\0#\0\0\0$\0\0\0%\0\0\0&\0\0\0\'\0\0\0(\0\0\0)\0\0\0*\0\0\0+\0\0\0,\0\0\0-\0\0\0.\0\0\0N\0\0\03\0\0\04\0\0\05\0\0\06\0\0\07\0\0\08\0\0\09\0\0\0:\0\0\0;\0\0\0<\0\0\0=\0\0\0>\0\0\0?\0\0\0@\0\0\0A\0\0\0B\0\0\0C\0\0\0D\0\0\0E\0\0\0F\0\0\0G\0\0\0H\0\0\0I\0\0\0J\0\0\0K\0\0\0L\0\0\0M\0\0\0O\0\0\0P\0\0\0R\0o\0o\0t\0 \0E\0n\0t\0r\0y\0\0\0\0\0\0\0\0\0\0\0\0\0\0\0\0\0\0\0\0\0\0\0\0\0\0\0\0\0\0\0\0\0\0\0\0\0\0\0\0\0\0\0\0\0\0\0\0\0\0\0\0\0\0\0\0\0\0\0\0\0\0\0\0\0\0\0\0\0\0\0\0\0\0\0\0\0\0md\\\0\0\0\0\0\0\0\0\0\0f\0\0\0\0\0\0\0\0\0\0\0\0\0\0\0\0\0\0\0\0\0\0\0\0\0\0\0\0\0\0\0\0\0\0\0\0\0\0\0\0\0\0\0\0\0\0\0\0\0\0\0\0\0\0\0\0\0\0\0\0\0\0\0\0\0\0\0\0\0\0\0\0\0\0\0\0\0\0\0\0\0\0\0\0\0\0\0\0\0\0\0\0\0\0\0\0\0\0\0\0\0\0\0\\0\0\0\0\0\0o\0\0\0\0\0\0\0\0\0\0\0\0\0\0\0\0\0\0\0\0\0\0\0\0\0\0\0\0\0\0\0\0\0\0\0\0\0\0\0\0\0\0\0\0\0\0\0\0\0\0\0\0\0\0\0\0\0\0\0\0\0\0\0\0\0\0\0\0\0\0\0\0\0\0\0\0\0\0\0\0\0\0\0\0\0\0\0\0\0\0\0\0\0\0\0\0\0\0\0\0\0\0\0\0\0\0\r\0\0\0C\0\0\0\0\0\0\0C\0o\0m\0p\0O\0b\0j\0\0\0\0\0\0\0\0\0\0\0\0\0\0\0\0\0\0\0\0\0\0\0\0\0\0\0\0\0\0\0\0\0\0\0\0\0\0\0\0\0\0\0\0\0\0\0\0\0\0\0\0\0\0\0\0\0\0\0\0\0\0\0\0\0\0\0\0\0\0\0\0\0\0\0\0\0\0\0\0\0\0\0\0\0\0\0\0\0\0_\0\0\0\0\0\0\0\04\0\nP\0\0A\0\0\0\0<\0\0\0A\0\0\0\0}\0\0\\\0\0Q\0\0X\0Ȧ\0\08Bހ[\\0\0\\\\0\0\00\0\0\0\0\0\0\0\0\0<\0k\0\0\0	\0\0\0\0\0\0\0\\\\Q\0\W9;a\C5)\\R2}\bB\'<%\-\0\0(\0C\0\0\0\0\0\0\0SDM\\c\0`\\H4\\wyw\p\0[\r\0\0(\0C\0\0\0\0\0\0\0QDM\\c\0`\\H4\\wyw\p\0[\rA\0\0\0\0\0\0\0\0\08\0	\0\0\0\0\0\0\0\0\0\0\0\0\0\0SchGrid\04S\0\0ChuongTrinhKhung\0\04\0	\0\0\0\0\0\0\0\0\0\0\0\0\0\0SchGrid\0\\\M\0\0ChuyenNganh\0\0\0\0	\0\0\0\0\0\0\0R\0\0\0\0\0\\\0\0Control\0\X\0\0Relationship \'FK_ChuongTrinhKhung_ChuyenNganh1\' between \'ChuyenNganh\' and \'ChuongTrinhKhung\'\0\0(\0\0\0\0\0\0\0\01\0\0\0s\0\0\0\0\0Control\0\\Z\0\0\0\04\0	\0\0\0\0\0\0\0\0\0\0\0\0	\0\0SchGrid\0\,\0\0GiangVien\0\0\0\0\00\0	\0\0\0\0\0\0\0\0\0\0\0\0\0\0SchGrid\0t\0\0h\0\0HocKyid\0\0\0,\0	\0\0\0\0\0\0\0\0\0\0\0\0\0\0SchGrid\0*\xi\0\0Khoa\0\0l\0	\0\0\0\0\0\0\0R\0\0\0\0\0C\0\0Control\0\\X\0\0Relationship \'FK_ChuyenNganh_Khoa\' between \'Khoa\' and \'ChuyenNganh\'\0\0\0(\0\0\0\0\0	\0\0\01\0\0\0Y\0\0\0\0\0Control\01\`\0\0\0\0h\0	\0\0\0\0\n\0\0\0b\0\0\0\0\0?\0\0Control\0\\$\0\0Relationship \'FK_GiangVien_Khoa\' between \'Khoa\' and \'GiangVien\'\0\0\0(\0\0\0\0\0\0\0\01\0\0\0U\0\0\0\0\0Control\01\\9\0\0\0\04\0	\0\0\0\0\0\0\0\0\0\0\0\0\n\0\0SchGrid\0\-\0\0LopBienChe\0\0\0\0t\0	\0\0\0\0\r\0\0\0R\0\0\0\0\0K\0\0Control\0]\(\0\0Relationship \'FK_LopBienChe_GiangVien\' between \'GiangVien\' and \'LopBienChe\'\0\0\0(\0\0\0\0\0\0\0\01\0\0\0a\0\0\0\0\0Control\0\ \0\0\0\04\0	\0\0\0\0\0\0\0\0\0\0\0\0\n\0\0SchGrid\0NW\0\0\\0\0LopHocPhanhK\0\0l\0	\0\0\0\0\0\0\0R\0\0\0\0\0C\0\0Control\0dm\0\0\0\0Relationship \'FK_LopHocPhan_HocKy\' between \'HocKy\' and \'LopHocPhan\'\0\0\0(\0\0\0\0\0\0\0\01\0\0\0Y\0\0\0\0\0Control\0k\0\0\0\0\0\04\0	\0\0\0\0\0\0\0\0\0\0\0\0\n\0\0SchGrid\0\W\0\00\0\0MonHocPhan\0\0\0\0\0	\0\0\0\0\0\0\0Z\0\0\0\0\0U\0\0Control\0\0\0I\0\0Relationship \'FK_ChuongTrinhKhung_MonHoc\' between \'MonHocPhan\' and \'ChuongTrinhKhung\'\0@@\0\0(\0\0\0\0\0\0\0\01\0\0\0g\0\0\0\0\0Control\0r\'\0\0	W\0\0\0\0t\0	\0\0\0\0\0\0\0R\0\0\0\0\0I\0\0Control\0\V\0\0\0\0Relationship \'FK_LopHocPhan_MonHoc\' between \'MonHocPhan\' and \'LopHocPhan\'\0}\0\0\0(\0\0\0\0\0\0\0\01\0\0\0[\0\0\0\0\0Control\0)Y\0\0=\'\0\0\0\0h\0	\0\0\0\0\0\0\0b\0\0\0\0\0=\0\0Control\0\I\0\0Relationship \'FK_MonHoc_Khoa\' between \'Khoa\' and \'MonHocPhan\'n\'\0\0\0(\0\0\0\0\0\0\0\01\0\0\0O\0\0\0\0\0Control\0Z8\0\0g\0\0\0\0,\0	\0\0\0\0\0\0\0\0\0\0\0\0\0\0SchGrid\0\r\0\0\\0\0NamG\0\0h\0	\0\0\0\0\Z\0\0\0R\0\0\0\0\0?\0\0Control\0dm\0\0\0\0Relationship \'FK_LopHocPhan_Nam\' between \'Nam\' and \'LopHocPhan\'\0\0\0(\0\0\0\0\0\0\0\01\0\0\0U\0\0\0\0\0Control\0j\0\0\0\0\0\0<\0	\0\0\0\0\0\0\0\0\0\0\0\0\0\0SchGrid\0\d\0\0NhanVienPhongDaoTao\0\0\0|\0	\0\0\0\0\0\0\0R\0\0\0\0\0S\0\0Control\0?\\q\0\0Relationship \'FK_NhanVienPhongDaoTao_Khoa\' between \'Khoa\' and \'NhanVienPhongDaoTao\'\0\0\0(\0\0\0\0\0\0\0\01\0\0\0i\0\0\0\0\0Control\0]\t\0\0\0\0,\0	\0\0\0\0\0\0\0\0\0\0\0\0\0\0SchGrid\0\0\0r\0\0Nhom\0\08\0	\0\0\0\0 \0\0\0\0\0\0\0\0\0\0SchGrid\0\0\0\0\0PhieuDangKyLHP\0\0\0\0\0	\0\0\0\0!\0\0\0R\0\0\0\0\0U\0\0Control\0\(\0\0C\0\0Relationship \'FK_PhieuDangKyLHP_LopHocPhan\' between \'LopHocPhan\' and \'PhieuDangKyLHP\'\0@@\0\0(\0\0\0\0\0\"\0\0\01\0\0\0k\0\0\0\0\0Control\0\2\0\0\\0\0\0\0t\0	\0\0\0\0#\0\0\0R\0\0\0\0\0I\0\0Control\0%\0\0\0\0Relationship \'FK_PhieuDangKyLHP_Nhom\' between \'Nhom\' and \'PhieuDangKyLHP\'\0}\0\0\0(\0\0\0\0\0$\0\0\01\0\0\0_\0\0\0\0\0Control\0\0\0\\0\0\0\00\0	\0\0\0\0%\0\0\0\0\0\0\0\0\0\0SchGrid\0\\ \0\0PhongHoc\0\00\0	\0\0\0\0&\0\0\0\0\0\0\0\0\0\0SchGrid\0\\0\00\0\0SinhVien\0\0|\0	\0\0\0\0\'\0\0\0R\0\0\0\0\0Q\0\0Control\0\0\0\0\0Relationship \'FK_PhieuDangKyLHP_SinhVien\' between \'SinhVien\' and \'PhieuDangKyLHP\'LHP\0\0(\0\0\0\0\0(\0\0\01\0\0\0g\0\0\0\0\0Control\0\ \0\0\\(\0\0\0\0D\0	\0\0\0\0)\0\0\0\\0\0\0\0\0\0\0SchGrid\0H0\0\0SinhVien_Thuoc_Lop_Bien_Che\0\0\0\0	\0\0\0\0*\0\0\0R\0\0\0\0\0s\0\0Control\0\\/\0\0Relationship \'FK_DS_SinhVien_Trong_Lop_Bien_Che_LopBienChe1\' between \'LopBienChe\' and \'SinhVien_Thuoc_Lop_Bien_Che\'\0\0\0(\0\0\0\0\0+\0\0\01\0\0\0\0\0\0\0\0Control\0\.\0\0\0\0\0	\0\0\0\0,\0\0\0R\0\0\0\0\0n\0\0Control\0\\0\02\0\0Relationship \'FK_DS_SinhVien_Trong_Lop_Bien_Che_SinhVien\' between \'SinhVien\' and \'SinhVien_Thuoc_Lop_Bien_Che\'\0\0\0\0(\0\0\0\0\0-\0\0\01\0\0\0\0\0\0\0\0Control\0\0\02\0\0\0\0<\0	\0\0\0\0.\0\0\0\0\0\0\0\0\0\0SchGrid\0E\0\0SinhVien_Thuoc_Nganh\0\0\0	\0\0\0\0/\0\0\0R\0\0\0\0\0e\0\0Control\0\\L\0\0Relationship \'FK_DS_SinhVien_Theo_Nganh_ChuyenNganh\' between \'ChuyenNganh\' and \'SinhVien_Thuoc_Nganh\'\0?\0\0(\0\0\0\0\00\0\0\01\0\0\0}\0\0\0\0\0Control\0\}L\0\0\0\0\0	\0\0\0\01\0\0\0R\0\0\0\0\0`\0\0Control\01	\0\0G\0\0Relationship \'FK_DS_SinhVien_Theo_Nganh_SinhVien1\' between \'SinhVien\' and \'SinhVien_Thuoc_Nganh\'\0\0(\0\0\0\0\02\0\0\01\0\0\0y\0\0\0\0\0Control\0=\0\0F\0\0\0\04\0	\0\0\0\03\0\0\0\0\0\0\0\0\n\0\0SchGrid\0\\0\0\d\0\0TaiKhoanNV\0\0\0\0\0	\0\0\0\04\0\0\0R\0\0\0\0\0_\0\0Control\0\0\0\c\0\0Relationship \'FK_TaiKhoanNV_NhanVienPhongDaoTao\' between \'NhanVienPhongDaoTao\' and \'TaiKhoanNV\'\0\0\0(\0\0\0\0\05\0\0\01\0\0\0u\0\0\0\0\0Control\0\Wc\0\0\0\04\0	\0\0\0\06\0\0\0\0\0\0\0\0\n\0\0SchGrid\0~6\0\00\0\0TaiKhoanSV\0\0\0\0p\0	\0\0\0\07\0\0\0R\0\0\0\0\0G\0\0Control\0\,\0\02\0\0Relationship \'FK_TaiKhoan_SinhVien\' between \'SinhVien\' and \'TaiKhoanSV\'\0\0\0(\0\0\0\0\08\0\0\01\0\0\0[\0\0\0\0\0Control\0+\0\02\0\0\0\0D\0	\0\0\0\09\0\0\0\\0\0\0\0\0\0\0SchGrid\0X\0\0ThoiGian_PhongHoc_GiangVien\0\0\0\0	\0\0\0\0:\0\0\0R\0\0\0\0\0m\0\0Control\0\\W\0\0Relationship \'FK_ThoiGian_PhongHoc_GiangVien_GiangVien\' between \'GiangVien\' and \'ThoiGian_PhongHoc_GiangVien\'\0\0\0\0\0(\0\0\0\0\0;\0\0\01\0\0\0\0\0\0\0\0Control\03\\\0\0\0\0\0\0	\0\0\0\0<\0\0\0R\0\0\0\0\0e\0\0Control\0\r\0\0W\0\0Relationship \'FK_ThoiGian_PhongHoc_LopHocPhan\' between \'LopHocPhan\' and \'ThoiGian_PhongHoc_GiangVien\'\0?\0\0(\0\0\0\0\0=\0\0\01\0\0\0q\0\0\0\0\0Control\0&\0\0\\0\0\0\0\0\0	\0\0\0\0>\0\0\0R\0\0\0\0\0Y\0\0Control\0\r\0\0q\0\0Relationship \'FK_ThoiGian_PhongHoc_Nhom\' between \'Nhom\' and \'ThoiGian_PhongHoc_GiangVien\'\0\0\0\0\0(\0\0\0\0\0?\0\0\01\0\0\0e\0\0\0\0\0Control\0e	\0\0\0\0\0\0\0	\0\0\0\0@\0\0\0R\0\0\0\0\0a\0\0Control\0\\Z\0\0Relationship \'FK_ThoiGian_PhongHoc_PhongHoc\' between \'PhongHoc\' and \'ThoiGian_PhongHoc_GiangVien\'\0c\0\0\0(\0\0\0\0\0A\0\0\01\0\0\0m\0\0\0\0\0Control\0#:\0\0\0\0\0\0\0\0\0\0\0\0\0\0\0\0\0\0\0\0\0\0\0\0\0\0\0\0\0\0\0\0\0\0\0\0\0\0\0\0\0\0\0\0\0\0\0\0\0\0\0\0\0\0\0\0\0\0\0\0\0\0\0\0\0\0\0\0\0\0\0\0\0\0\0\0\0\0\0\0\0\0\0\0\0\0\0\0\0\0\0\0\0\0\0\0\0\0\0\0\0\0\0\0\0\0\0\0\0\0\0\0\0\0\0\0\0\0\0\0\0\0\0\0\0\0\0\0\0\0\0\0\0\0\0\0\0\0\0\0\0\0\0\0\0\0\0\0\0\0\0\0\0\0\0\0\0\0\0\0\0\0\0\0\0\0\0\0\0\0\0\0\0\0\0\0\0\0\0\0\0\0\0\0\0\0\0\0\0\0\0\0\0\0\0\0\0\0\0\0\0\0\0\0\0\0\0\0\0\0\0\0\0\0\0\0\0\0\0\0\0\0\0\0\0\0\0\0\0\0\0\0\0\0\0\0\0\0\0\0\0\0\0\0\0\0\0\0\0\0\0\0\0\0\0\0\0\0\0\0\0\0\0\0\0\0\0\0\0\0\0\0\0\0\0\0\0\0\0\0!C4\0\0\0A\0\0 \0\0xV4\0\0\0\0\0C\0h\0u\0o\0n\0g\0T\0r\0i\0n\0h\0K\0h\0u\0n\0g\0\0\0\0\0\0\0\0\0\0\0\0\0\0\0\0\0\0\0\0\0\0\0\0\0\0\0\0\0\0\0p\qԜp\\q \p\\q\qhq \p\\q\qoq4\'\0qLO|4\-yOyO\0H\-yQ0Py\.y7\0\0\0.y.y\0.y\0.y.y.y .y .y0.y0.yD.yD.yT.yT.yd.yd.yt.yt.y.y\0\0\0\0\0\0\0\0\0\0\0\0\0\0\0\0T\0\0\0,\0\0\0,\0\0\0,\0\0\04\0\0\0\0\0\0\0\0\0\0\0)\0\09\0\0\0\0\0\0-\0\0\0\0\0\0\0\0\0\0\0\0\0\0\0S\0\0\\0\0g\0\0\0\0\\0\0\0\0+\0\0\0\0\0\0*\0\0\0\0\0\0\0\0\0A\0\0 \0\0\0\0\0\0\0\0\0\0\0\0\0\0\0\0\0\0\0\0\n\0\0\0\0\0\0\0\0\0\0\0\0\0\0\0\0\0\0\0\0\0\0\0\0\0\0\0\0\0\0\0\0\0\0\0\0\0\0\0\0\0\0\0\0\0\0\0\0\0\0\0\0\0\0\0\0\0\0\0\0\0\0\0\0\0\0\0\0\0\0\0\0\0\0U2\0\0\#\0\0\0\0\0\0\0\0\0\0\r\0\0\0\0\0\0\0\0\0\0\0\0\0\n\0\0\0\0xV4\0\0\0j\0\0\0\0\0\0\0\0\0\0\0\0\0\0\0\0\0\0\0\0\0\0\0\0\0\0\0\0\0\0\0\0\0\0\0\0\0\0\0\0	\0\0\0\n\0\0\0\0\0\0d\0b\0o\0\0\0\0\0\0C\0h\0u\0o\0n\0g\0T\0r\0i\0n\0h\0K\0h\0u\0n\0g\0\0\0!C4\0\0\0A\0\0\\0\0xV4\0\0\0\0\0C\0h\0u\0y\0e\0n\0N\0g\0a\0n\0h\0\0\0\0\0\0\0eX\\0\0\0\0\0\0\0\0\0\0\0\0\0\0\0\0\0\0\0\0\0\0\0\0\0\0\0\0\qoq4\'\0q\0\0\0\0\\0\0\0\0\0\0\0\0\0\0\0\0\0\0\0\0\0\0\0\0\\0\0\0\0\0\0\0\0\0\0\0\0\0\0\0\0\0 \0\0;\0\0\0\0\0\0\0\0\0\0\0\0\0\0\0 \0\0\0\0\0\0\0\0\0\0\0\0\0\0\0\0\0\0\0 \0\0\r\0\0\0\0\0\0\0\0\0\0\0\0\0\0\0 \0\0\0\0\0\0\0\0\0\0\0\0\0\0\0\0\0\0\0\0\0T\0\0\0,\0\0\0,\0\0\0,\0\0\04\0\0\0\0\0\0\0\0\0\0\0)\0\09\0\0\0\0\0\0-\0\0\0\0\0\0\0\0\0\0\0\0\0\0\0S\0\0\\0\0g\0\0\0\0\\0\0\0\0+\0\0\0\0\0\0*\0\0\0\0\0\0\0\0\0A\0\0\\0\0\0\0\0\0\0\0\0\0\0\0\0\0\0\0\0\0\0\0\n\0\0\0\0\0\0\0\0\0\0\0\0\0\0\0\0\0\0\0\0\0\0\0\0\0\0\0\0\0\0\0\0\0\0\0\0\0\0\0\0\0\0\0\0\0\0\0\0\0\0\0\0\0\0\0\0\0\0\0\0\0\0\0\0\0\0\0\0\0\0\0\0\0\0U2\0\0\#\0\0\0\0\0\0\0\0\0\0\r\0\0\0\0\0\0\0\0\0\0\0\0\0\n\0\0\0\0xV4\0\0\0`\0\0\0\0\0\0\0\0\0\0\0\0\0\0\0\0\0\0\0\0\0\0\0\0\0\0\0\0\0\0\0\0\0\0\0\0\0\0\0\0	\0\0\0\n\0\0\0\0\0\0d\0b\0o\0\0\0\0\0\0C\0h\0u\0y\0e\0n\0N\0g\0a\0n\0h\0\0\0\0\0-\<Z\0\0<Z\0\0\0\0\0\0\0\0\0\0\0\0\0\0\0\0\0\0\0\0\0\0\0\0\0\0\0\0\0\0\0\0\0\0\0\0\\Z\0\0K\0\0X\0\01\0\0\0\0\0\0\0K\0\0X\0\0\0\0\0\0\0\0\0\0\0\0\0\0\0\0\0\0DB\0Tahoma \0F\0K\0_\0C\0h\0u\0o\0n\0g\0T\0r\0i\0n\0h\0K\0h\0u\0n\0g\0_\0C\0h\0u\0y\0e\0n\0N\0g\0a\0n\0h\01\0!C4\0\0\0A\0\0\Z\0\0xV4\0\0\0\0\0G\0i\0a\0n\0g\0V\0i\0e\0n\0\0\0\g\\0\0\0\0\g\\\\0\0\0\0\0\0\0\0\0\0\0\0\0\0\0\0\0\0\0\0\0\0\0\0\0\0\0\0p\qԜp\\qd3	!\q \p\\q\\	!\q \p\\q\qhq\0\0\0\0\0\0\0\0\0\0\0\0\0\0\0\0\0\0\0\0\0\0\0\0\\0\0\0\0\0\0\0\\0\0\0:\0;3\0X\\-\0\0\0\0\0\0\0\0\0\0\0\0\0\0\0\0\0\0\0\0\0\0\0\0\0\0\0\0\0\0\0\0\0\0\0\0\0\0\0\0\0\0T\0\0\0,\0\0\0,\0\0\0,\0\0\04\0\0\0\0\0\0\0\0\0\0\0)\0\0\\Z\0\0\0\0\0\0-\0\0	\0\0\0\0\0\0\0\0\0\0\0\0\0S\0\0\\0\0g\0\0\0\0\\0\0\0\0+\0\0\0\0\0\0*\0\0\0\0\0\0\0\0\0A\0\0\Z\0\0\0\0\0\0\0\0\0\0\0\0\0\0\0\0\0\0\0\0\n\0\0\0\0\0\0\0\0\0\0\0\0\0\0\0\0\0\0\0\0\0\0\0\0\0\0\0\0\0\0\0\0\0\0\0\0\0\0\0\0\0\0\0\0\0\0\0\0\0\0\0\0\0\0\0\0\0\0\0\0\0\0\0\0\0\0\0\0\0\0\0\0\0\0U2\0\0\#\0\0\0\0\0\0\0\0\0\0\r\0\0\0\0\0\0\0\0\0\0\0\0\0\n\0\0\0\0xV4\0\0\0\\\0\0\0\0\0\0\0\0\0\0\0\0\0\0\0\0\0\0\0\0\0\0\0\0\0\0\0\0\0\0\0\0\0\0\0\0\0\0\0\0	\0\0\0\n\0\0\0\0\0\0d\0b\0o\0\0\0\n\0\0\0G\0i\0a\0n\0g\0V\0i\0e\0n\0\0\0!C4\0\0\0\0\0\0\0xV4\0\0\0\0\0H\0o\0c\0K\0y\0\0\0\0\0\0\0\0\0|5\0\0\0\0\\I \w \w\0\0\0\0\R\0\0\0\0\0\0\0\0`\0\0\0\0\0\0\0\0\0\0\0E\0\0\0M?\0`\0\0\0\0\0\0\0\0\0\0\0C\0:\0\\\0W\0I\0N\0D\0O\0W\0S\0\\\0M\0i\0c\0r\0o\0s\0o\0f\0t\0.\0N\0e\0t\0\\\0a\0s\0s\0e\0m\0b\0l\0y\0\\\0G\0A\0C\0_\03\02\0\\\0C\0u\0s\0t\0o\0m\0M\0a\0r\0s\0h\0a\0l\0e\0r\0s\0\\\0v\04\0.\00\0_\04\0.\00\0.\0\0\0\0\0\0\0\0\0\0\0\0\0\0\0\0\0T\0\0\0,\0\0\0,\0\0\0,\0\0\04\0\0\0\0\0\0\0\0\0\0\0)\0\09\0\0\0\0\0\0-\0\0\0\0\0\0\0\0\0\0\0\0\0\0\0S\0\0\\0\0g\0\0\0\0\\0\0\0\0+\0\0\0\0\0\0*\0\0\0\0\0\0\0\0\0\0\0\0\0\0\0\0\0\0\0\0\0\0\0\0\0\0\0\0\0\0\0	\0\0\0\0\0\0\0\0\0\0\0N\0\0\0\0\0\0\0\0\0\0\0\0\0\0\0\0\0\0\0\0\0\0\0\0\0\0\0\0\0\0\0\0\0\0\0\0\0\0\0\0\0\0\0\0\0\0\0\0\0\0\0\0\0\0\0\0\0\0\0\0\0\0\0U2\0\0\#\0\0\0\0\0\0\0\0\0\0\r\0\0\0\0\0\0\0\0\0\0\0\0\0\n\0\0\0\0xV4\0\0\0T\0\0\0\0\0\0\0\0\0\0\0\0\0\0\0\0\0\0\0\0\0\0\0\0\0\0\0\0\0\0\0\0\0\0\0\0\0\0\0\0	\0\0\0\n\0\0\0\0\0\0d\0b\0o\0\0\0\0\0\0H\0o\0c\0K\0y\0\0\0!C4\0\0\0A\0\0q\n\0\0xV4\0\0\0\0\0K\0h\0o\0a\0\0\0\0\0\0\0\0\0\0\0\0\0\0\0\0\0\0\0\0\0\0\0\0\0\0\0\0\0\0%\0\0\0\0\0\0\0\0\09\0\0\0\0\0\0>\0\0\0\0\0\0A\0\0\0\"\0\0\0\0\0\0D\0\0\0$\0\0\0\0\0\0P\0\0\03\0\0\0\0\0\0Y\0\0\0\0\0\0\0\0\0o\0\0\0\0\0\0\0\0\09\0\0\0\0\0\0\0\0\0D\0\0\0\0\0\0\0\0\0E\0\0\0\0\0\0\0\0\0L\0\0\0\0\0\0\\0\0\0r\0\0\0\0\0\0\\0\0\0t\0\0\0\0\0\0\0\0\0\0\0\0\0\0\0\0\0\0\0\0\0\0\0\0\0\0\0\0\0\0\0\0\0\0\0\0\0\0\0\0\0T\0\0\0,\0\0\0,\0\0\0,\0\0\04\0\0\0\0\0\0\0\0\0\0\0)\0\09\0\0\0\0\0\0-\0\0\0\0\0\0\0\0\0\0\0\0\0\0\0S\0\0\\0\0g\0\0\0\0\\0\0\0\0+\0\0\0\0\0\0*\0\0\0\0\0\0\0\0\0A\0\0q\n\0\0\0\0\0\0\0\0\0\0\0\0\0\0\0\0\0\0\0\0\n\0\0\0\0\0\0\0\0\0\0\0N\0\0\0\0\0\0\0\0\0\0\0\0\0\0\0\0\0\0\0\0\0\0\0\0\0\0\0\0\0\0\0\0\0\0\0\0\0\0\0\0\0\0\0\0\0\0\0\0\0\0\0\0\0\0\0\0\0\0\0\0\0\0\0U2\0\0\#\0\0\0\0\0\0\0\0\0\0\r\0\0\0\0\0\0\0\0\0\0\0\0\0\n\0\0\0\0xV4\0\0\0R\0\0\0\0\0\0\0\0\0\0\0\0\0\0\0\0\0\0\0\0\0\0\0\0\0\0\0\0\0\0\0\0\0\0\0\0\0\0\0\0	\0\0\0\n\0\0\0\0\0\0d\0b\0o\0\0\0\0\0\0K\0h\0o\0a\0\0\0\0\0\xi\0\0\\Z\0\0\0\0\0\0\0\0\0\0\0\0\0\0\0\0\0\0\0\0\0\0\0\0\0\0\0\0\0	\0\0\0\0\0\0\01\`\0\0\r\0\0X\0\09\0\0\0\0\0\0\0\r\0\0X\0\0\0\0\0\0\0\0\0\0\0\0\0\0\0\0\0\0DB\0Tahoma\0F\0K\0_\0C\0h\0u\0y\0e\0n\0N\0g\0a\0n\0h\0_\0K\0h\0o\0a\0\0\0\xi\0\0\1\0\0\1\0\0\\\0\0\0\0\0\0\0\0\0\0\0\0\0\0\0\0\0\0\0\0\0\0\0\0\0\0\0\0\0\0\0\0\0\0\0\01\\9\0\0\n\0\0X\0\01\0\0\0\0\0\0\0\n\0\0X\0\0\0\0\0\0\0\0\0\0\0\0\0\0\0\0\0\0DB\0Tahoma\0F\0K\0_\0G\0i\0a\0n\0g\0V\0i\0e\0n\0_\0K\0h\0o\0a\0!C4\0\0\0A\0\0\\0\0xV4\0\0\0\0\0L\0o\0p\0B\0i\0e\0n\0C\0h\0e\0\0\0a\0l\0e\0r\0s\0,\0 \0V\0e\0r\0s\0i\0o\0n\0=\04\0.\00\0.\00\0.\00\0,\0 \0C\0u\0l\0t\0u\0r\0e\0=\0n\0e\0u\0t\0r\0a\0l\0,\0 \0P\0u\0b\0l\0i\0c\0K\0e\0y\0T\0o\0k\0e\0n\0=\0b\00\03\0f\05\0f\07\0f\01\01\0d\05\00\0a\03\0a\0\0\0\0\0\0\0\0\0\0\0\0\0\0\0\0\0\0\0\0\0\0\0\0\0\0\0\0\0\0\0\0\0\0\0\0\0\0\0\0\0\0\0\0\0\0\0\0\0\0\0\0\0\0\0\0\0\0\0\0\0\0\0\0\0\0\0\0\0\0\0\0\0\0\0\0\0\0\0\0\0\0\0\0\0\0\0\0\0T\0\0\0,\0\0\0,\0\0\0,\0\0\04\0\0\0\0\0\0\0\0\0\0\0)\0\09\0\0\0\0\0\0-\0\0\0\0\0\0\0\0\0\0\0\0\0\0\0S\0\0\\0\0g\0\0\0\0\\0\0\0\0+\0\0\0\0\0\0*\0\0\0\0\0\0\0\0\0A\0\0\\0\0\0\0\0\0\0\0\0\0\0\0\0\0\0\0\0\0\0\0\n\0\0\0\0\0\0\0\0\0\0\0\0\0\0\0\0\0\0\0\0\0\0\0\0\0\0\0\0\0\0\0\0\0\0\0\0\0\0\0\0\0\0\0\0\0\0\0\0\0\0\0\0\0\0\0\0\0\0\0\0\0\0\0\0\0\0\0\0\0\0\0\0\0\0U2\0\0\#\0\0\0\0\0\0\0\0\0\0\r\0\0\0\0\0\0\0\0\0\0\0\0\0\n\0\0\0\0xV4\0\0\0^\0\0\0\0\0\0\0\0\0\0\0\0\0\0\0\0\0\0\0\0\0\0\0\0\0\0\0\0\0\0\0\0\0\0\0\0\0\0\0\0	\0\0\0\n\0\0\0\0\0\0d\0b\0o\0\0\0\0\0\0L\0o\0p\0B\0i\0e\0n\0C\0h\0e\0\0\0\0\0\\\0\0\-\0\0\0\0\0\0\0\0\0\0\0\0\0\0\0\0\0\0\0\0\0\0\0\0\0\0\0\0\0\0\0\0\0\0\0\0\ \0\0N\0\0X\0\0\0\0\0\0\0\0\0N\0\0X\0\0\0\0\0\0\0\0\0\0\0\0\0\0\0\0\0\0DB\0Tahoma\0F\0K\0_\0L\0o\0p\0B\0i\0e\0n\0C\0h\0e\0_\0G\0i\0a\0n\0g\0V\0i\0e\0n\0!C4\0\0\0B\0\0\0\0xV4\0\0\0\0\0L\0o\0p\0H\0o\0c\0P\0h\0a\0n\0\0\0\\0\0\0\0\\8\\0\0\0\0\0\0\0\0\0\0\0\0\0\0\0\0\0\0\0\0\0\0\0\0\0\0\0\0X\\	!vq0q\q\q\q\q4\q$\q\qoq4\'\0q(vV,\tV,\tV8\tV8\tVD\tVD\tV\(vV\(vV\(vV\(vVP\tVP\tV\(vV\(vV(vV(vV(vV(vV)vV)vV)vV)vV )vV )vV,)vV,)vV8)vV8)vVD)vVD)\0\0\0\0\0\0\0\0\0\0\0\0\0\0\0\0T\0\0\0,\0\0\0,\0\0\0,\0\0\04\0\0\0\0\0\0\0\0\0\0\0)\0\0\0\0\0\0\0\0-\0\0\0\0\0\0\0\0\0\0\0\0\0\0\0S\0\0\\0\0g\0\0\0\0\\0\0\0\0+\0\0\0\0\0\0*\0\0\0\0\0\0\0\0\0B\0\0\0\0\0\0\0\0\0\0\0\0\0\0\0\0\0\0\0\0\0\0\n\0\0\0\0\0\0\0\0\0\0\0 \r\0\0\0\0\0\0\0\0\0\0\0\0\0\0\0\0\0\0\0\0\0\0\0\0\0\0\0\0\0\0\0\0\0\0\0\0\0\0\0\0\0\0\0\0\0\0\0\0\0\0\0\0\0\0\0\0\0\0\0\0\0\0\0U2\0\0\#\0\0\0\0\0\0\0\0\0\0\r\0\0\0\0\0\0\0\0\0\0\0\0\0\n\0\0\0\0xV4\0\0\0^\0\0\0\0\0\0\0\0\0\0\0\0\0\0\0\0\0\0\0\0\0\0\0\0\0\0\0\0\0\0\0\0\0\0\0\0\0\0\0\0	\0\0\0\n\0\0\0\0\0\0d\0b\0o\0\0\0\0\0\0L\0o\0p\0H\0o\0c\0P\0h\0a\0n\0\0\0\0\0t\0\0\0\0n\0\0\0\0\0\0\0\0\0\0\0\0\0\0\0\0\0\0\0\0\0\0\0\0\0\0\0\0\0\0\0\0\0\0\0\0\0\0k\0\0\0\0\0\0X\0\0;\0\0\0\0\0\0\0\0\0X\0\0\0\0\0\0\0\0\0\0\0\0\0\0\0\0\0\0DB\0Tahoma\0F\0K\0_\0L\0o\0p\0H\0o\0c\0P\0h\0a\0n\0_\0H\0o\0c\0K\0y\0!C4\0\0\0A\0\0@\0\0xV4\0\0\0\0\0M\0o\0n\0H\0o\0c\0P\0h\0a\0n\0\0\0\U\0\0\0\0\0\0+\U\0\0\0\0\0\0\0\0\0\0\0\0\0\0UU\0\0\0\0\0+\Հ+\0\0UU\0\0\0\0\0\0\0\0\0\0\0\0\0\0+\U\0\0\0\0\0\0\0\0\0UՀ++\U\0\0\0+\U\0UՀ+\0\0\0\0\0\0\0\0\0+\U+\U\0\0\0\0\0\0\0\0+\U\0UՀ+\0\0\0\0\0\0\0\0\0+\U\0UՀ+\0\0\0\0\0\0\0+\U\0+\U\0\0\0\0\0\0\0\0\0\0\0\0\0\0\0\0\0\0\0\0\0T\0\0\0,\0\0\0,\0\0\0,\0\0\04\0\0\0\0\0\0\0\0\0\0\0)\0\0\\Z\0\0\0\0\0\0-\0\0	\0\0\0\0\0\0\0\0\0\0\0\0\0S\0\0\\0\0g\0\0\0\0\\0\0\0\0+\0\0\0\0\0\0*\0\0\0\0\0\0\0\0\0A\0\0@\0\0\0\0\0\0\0\0\0\0\0\0\0\0\0\0\0\0\0\0\n\0\0\0\0\0\0\0\0\0\0\0\0\0\0\0\0\0\0\0\0\0\0\0\0\0\0\0\0\0\0\0\0\0\0\0\0\0\0\0\0\0\0\0\0\0\0\0\0\0\0\0\0\0\0\0\0\0\0\0\0\0\0\0\0\0\0\0\0\0\0\0\0\0\0U2\0\0\#\0\0\0\0\0\0\0\0\0\0\r\0\0\0\0\0\0\0\0\0\0\0\0\0\n\0\0\0\0xV4\0\0\0^\0\0\0\0\0\0\0\0\0\0\0\0\0\0\0\0\0\0\0\0\0\0\0\0\0\0\0\0\0\0\0\0\0\0\0\0\0\0\0\0	\0\0\0\n\0\0\0\0\0\0d\0b\0o\0\0\0\0\0\0M\0o\0n\0H\0o\0c\0P\0h\0a\0n\0\0\0\0\0zX\0\0LL\0\0zX\0\0Y\0\0\	\0\0Y\0\0\0\0\0\0\0\0\0\0\0\0\0\0\0\0\0\0\0\0\0\0\0\0\0\0\0\0\0\0\0\0\0\0\0\0r\'\0\0	W\0\0<\0\0X\0\0:\0\0\0\0\0\0\0<\0\0X\0\0\0\0\0\0\0\0\0\0\0\0\0\0\0\0\0\0DB\0Tahoma\Z\0F\0K\0_\0C\0h\0u\0o\0n\0g\0T\0r\0i\0n\0h\0K\0h\0u\0n\0g\0_\0M\0o\0n\0H\0o\0c\0\0\0zX\0\00\0\0zX\0\0y\0\0\0\0\0\0\0\0\0\0\0\0\0\0\0\0\0\0\0\0\0\0\0\0\0\0\0\0\0\0\0\0\0\0\0\0)Y\0\0=\'\0\0\r\0\0X\0\01\0\0\0\0\0\0\0\r\0\0X\0\0\0\0\0\0\0\0\0\0\0\0\0\0\0\0\0\0DB\0Tahoma\0F\0K\0_\0L\0o\0p\0H\0o\0c\0P\0h\0a\0n\0_\0M\0o\0n\0H\0o\0c\0\0\0 \\s\0\0 \\0\0c\0\0\0\0c\0\0LL\0\0\0\0\0\0\0\0\0\0\0\0\0\0\0\0\0\0\0\0\0\0\0\0\0\0\0\0\0\0\0\0\0\0\0\0Z8\0\0g\0\0	\0\0X\0\08\0\0\0\0\0\0\0	\0\0X\0\0\0\0\0\0\0\0\0\0\0\0\0\0\0\0\0\0DB\0Tahoma\0F\0K\0_\0M\0o\0n\0H\0o\0c\0_\0K\0h\0o\0a\0!C4\0\0\0\0\0\0\0xV4\0\0\0\0\0N\0a\0m\0\0\0U\0\0\0\0\0+\U\0\0\0\0\0\0+\U\0\0\0\0\0\0\0\0\0\0\0\0\0\0UU\0\0\0\0\0+\Հ+\0\0UU\0\0\0\0\0\0\0\0\0\0\0\0\0\0+\U\0\0\0\0\0\0\0\0\0UՀ++\U\0\0\0+\U\0UՀ+\0\0\0\0\0\0\0\0\0+\U+\U\0\0\0\0\0\0\0\0+\U\0UՀ+\0\0\0\0\0\0\0\0\0+\U\0UՀ+\0\0\0\0\0\0\0+\U\0+\U\0\0\0\0\0\0\0\0\0\0\0\0\0\0\0\0\0\0\0\0\0T\0\0\0,\0\0\0,\0\0\0,\0\0\04\0\0\0\0\0\0\0\0\0\0\0)\0\09\0\0\0\0\0\0-\0\0\0\0\0\0\0\0\0\0\0\0\0\0\0S\0\0\\0\0g\0\0\0\0\\0\0\0\0+\0\0\0\0\0\0*\0\0\0\0\0\0\0\0\0\0\0\0\0\0\0\0\0\0\0\0\0\0\0\0\0\0\0\0\0\0\0	\0\0\0\0\0\0\0\0\0\0\0N\0\0\0\0\0\0\0\0\0\0\0\0\0\0\0\0\0\0\0\0\0\0\0\0\0\0\0\0\0\0\0\0\0\0\0\0\0\0\0\0\0\0\0\0\0\0\0\0\0\0\0\0\0\0\0\0\0\0\0\0\0\0\0U2\0\0\#\0\0\0\0\0\0\0\0\0\0\r\0\0\0\0\0\0\0\0\0\0\0\0\0\n\0\0\0\0xV4\0\0\0P\0\0\0\0\0\0\0\0\0\0\0\0\0\0\0\0\0\0\0\0\0\0\0\0\0\0\0\0\0\0\0\0\0\0\0\0\0\0\0\0	\0\0\0\n\0\0\0\0\0\0d\0b\0o\0\0\0\0\0\0N\0a\0m\0\0\0\0\0\r\0\0\0\0n\0\0\0\0\0\0\0\0\0\0\0\0\0\0\0\0\0\0\0\0\0\0\0\0\0\0\0\0\0\0\0\0\0\0\0\0\0\0j\0\0\0\0\0\0X\0\00\0\0\0\0\0\0\0\0\0X\0\0\0\0\0\0\0\0\0\0\0\0\0\0\0\0\0\0DB\0Tahoma\0F\0K\0_\0L\0o\0p\0H\0o\0c\0P\0h\0a\0n\0_\0N\0a\0m\0!C4\0\0\0A\0\0R\0\0xV4\0\0\0\0\0N\0h\0a\0n\0V\0i\0e\0n\0P\0h\0o\0n\0g\0D\0a\0o\0T\0a\0o\0\0\0+\U\0\0\0\0\0\0\0\0\0\0\0\0\0\0UU\0\0\0\0\0+\Հ+\0\0UU\0\0\0\0\0\0\0\0\0\0\0\0\0\0+\U\0\0\0\0\0\0\0\0\0UՀ++\U\0\0\0+\U\0UՀ+\0\0\0\0\0\0\0\0\0+\U+\U\0\0\0\0\0\0\0\0+\U\0UՀ+\0\0\0\0\0\0\0\0\0+\U\0UՀ+\0\0\0\0\0\0\0+\U\0+\U\0\0\0\0\0\0\0\0\0\0\0\0\0\0\0\0\0\0\0\0\0T\0\0\0,\0\0\0,\0\0\0,\0\0\04\0\0\0\0\0\0\0\0\0\0\0)\0\0\\Z\0\0\0\0\0\0-\0\0	\0\0\0\0\0\0\0\0\0\0\0\0\0S\0\0\\0\0g\0\0\0\0\\0\0\0\0+\0\0\0\0\0\0*\0\0\0\0\0\0\0\0\0A\0\0R\0\0\0\0\0\0\0\0\0\0\0\0\0\0\0\0\0\0\0\0\n\0\0\0\0\0\0\0\0\0\0\0\0\0\0\0\0\0\0\0\0\0\0\0\0\0\0\0\0\0\0\0\0\0\0\0\0\0\0\0\0\0\0\0\0\0\0\0\0\0\0\0\0\0\0\0\0\0\0\0\0\0\0\0\0\0\0\0\0\0\0\0\0\0\0U2\0\0\#\0\0\0\0\0\0\0\0\0\0\r\0\0\0\0\0\0\0\0\0\0\0\0\0\n\0\0\0\0xV4\0\0\0p\0\0\0\0\0\0\0\0\0\0\0\0\0\0\0\0\0\0\0\0\0\0\0\0\0\0\0\0\0\0\0\0\0\0\0\0\0\0\0\0	\0\0\0\n\0\0\0\0\0\0d\0b\0o\0\0\0\0\0\0N\0h\0a\0n\0V\0i\0e\0n\0P\0h\0o\0n\0g\0D\0a\0o\0T\0a\0o\0\0\0\0\0k\ns\0\0ns\0\0\0\0\0\0\0\0\0\0\0\0\0\0\0\0\0\0\0\0\0\0\0\0\0\0\0\0\0\0\0\0\0\0\0\0]\t\0\0\0\0X\0\0?\0\0\0\0\0\0\0\0\0X\0\0\0\0\0\0\0\0\0\0\0\0\0\0\0\0\0\0DB\0Tahoma\0F\0K\0_\0N\0h\0a\0n\0V\0i\0e\0n\0P\0h\0o\0n\0g\0D\0a\0o\0T\0a\0o\0_\0K\0h\0o\0a\0!C4\0\0\0\0\0\0\0xV4\0\0\0\0\0N\0h\0o\0m\0\0\0\0\0\0\0\0\0\0\0\0\0\0\0\0\0\0\0\0\0\0\0\0\0\0\0\0\0\0\0\0\0\0\0\0\0\0\0\0\0qqqqqqqqqqqqqqȱqȱqбqбqرqرq\q\q\q\qqqqq\0q\0qqqqqqq q q(q(q0q0q8q8q@q@qHqH\0\0\0\0\0\0\0\0\0\0\0\0\0\0\0\0T\0\0\0,\0\0\0,\0\0\0,\0\0\04\0\0\0\0\0\0\0\0\0\0\0)\0\09\0\0\0\0\0\0-\0\0\0\0\0\0\0\0\0\0\0\0\0\0\0S\0\0\\0\0g\0\0\0\0\\0\0\0\0+\0\0\0\0\0\0*\0\0\0\0\0\0\0\0\0\0\0\0\0\0\0\0\0\0\0\0\0\0\0\0\0\0\0\0\0\0\0	\0\0\0\0\0\0\0\0\0\0\0N\0\0\0\0\0\0\0\0\0\0\0\0\0\0\0\0\0\0\0\0\0\0\0\0\0\0\0\0\0\0\0\0\0\0\0\0\0\0\0\0\0\0\0\0\0\0\0\0\0\0\0\0\0\0\0\0\0\0\0\0\0\0\0U2\0\0\#\0\0\0\0\0\0\0\0\0\0\r\0\0\0\0\0\0\0\0\0\0\0\0\0\n\0\0\0\0xV4\0\0\0R\0\0\0\0\0\0\0\0\0\0\0\0\0\0\0\0\0\0\0\0\0\0\0\0\0\0\0\0\0\0\0\0\0\0\0\0\0\0\0\0	\0\0\0\n\0\0\0\0\0\0d\0b\0o\0\0\0\0\0\0N\0h\0o\0m\0\0\0!C4\0\0\0A\0\0\\0\0xV4\0\0\0\0\0P\0h\0i\0e\0u\0D\0a\0n\0g\0K\0y\0L\0H\0P\0\0\0U\0\0\0\0\0\0+\U\0\0\0\0\0\0\0\0\0\0\0\0\0\0UU\0\0\0\0\0+\Հ+\0\0UU\0\0\0\0\0\0\0\0\0\0\0\0\0\0+\U\0\0\0\0\0\0\0\0\0UՀ++\U\0\0\0+\U\0UՀ+\0\0\0\0\0\0\0\0\0+\U+\U\0\0\0\0\0\0\0\0+\U\0UՀ+\0\0\0\0\0\0\0\0\0+\U\0UՀ+\0\0\0\0\0\0\0+\U\0+\U\0\0\0\0\0\0\0\0\0\0\0\0\0\0\0\0\0\0\0\0\0T\0\0\0,\0\0\0,\0\0\0,\0\0\04\0\0\0\0\0\0\0\0\0\0\0)\0\09\0\0\0\0\0\0-\0\0\0\0\0\0\0\0\0\0\0\0\0\0\0S\0\0\\0\0g\0\0\0\0\\0\0\0\0+\0\0\0\0\0\0*\0\0\0\0\0\0\0\0\0A\0\0\\0\0\0\0\0\0\0\0\0\0\0\0\0\0\0\0\0\0\0\0\n\0\0\0\0\0\0\0\0\0\0\0\\n\0\0\0\0\0\0\0\0\0\0\0\0\0\0\0\0\0\0\0\0\0\0\0\0\0\0\0\0\0\0\0\0\0\0\0\0\0\0\0\0\0\0\0\0\0\0\0\0\0\0\0\0\0\0\0\0\0\0\0\0\0\0\0U2\0\0\#\0\0\0\0\0\0\0\0\0\0\r\0\0\0\0\0\0\0\0\0\0\0\0\0\n\0\0\0\0xV4\0\0\0f\0\0\0\0\0\0\0\0\0\0\0\0\0\0\0\0\0\0\0\0\0\0\0\0\0\0\0\0\0\0\0\0\0\0\0\0\0\0\0\0	\0\0\0\n\0\0\0\0\0\0d\0b\0o\0\0\0\0\0\0P\0h\0i\0e\0u\0D\0a\0n\0g\0K\0y\0L\0H\0P\0\0\0\0\0NW\0\0\\0\0*\0\0\\0\0\0\0\0\0\0\0\0\0\0\0\0\0\0\0\0\0\0\0\0\0\0\0\0\0\0\0\0\"\0\0\0\0\0\0\0\2\0\0\\0\0y\0\0X\0\0C\0\0\0\0\0\0\0y\0\0X\0\0\0\0\0\0\0\0\0\0\0\0\0\0\0\0\0\0DB\0Tahoma\0F\0K\0_\0P\0h\0i\0e\0u\0D\0a\0n\0g\0K\0y\0L\0H\0P\0_\0L\0o\0p\0H\0o\0c\0P\0h\0a\0n\0\0\0B\'\0\0h\0\0B\'\0\0\0\0\0\0\0\0\0\0\0\0\0\0\0\0\0\0\0\0\0\0\0\0\0\0\0\0\0\0\0$\0\0\0\0\0\0\0\0\0\\0\0\\0\0X\0\02\0\0\0\0\0\0\0\\0\0X\0\0\0\0\0\0\0\0\0\0\0\0\0\0\0\0\0\0DB\0Tahoma\0F\0K\0_\0P\0h\0i\0e\0u\0D\0a\0n\0g\0K\0y\0L\0H\0P\0_\0N\0h\0o\0m\0!C4\0\0\0\0\0\0\0xV4\0\0\0\0\0P\0h\0o\0n\0g\0H\0o\0c\0\0\0\0\0\0+\U\0\0\0\0\0\0+\U\0\0\0\0\0\0\0\0\0\0\0\0\0\0UU\0\0\0\0\0+\Հ+\0\0UU\0\0\0\0\0\0\0\0\0\0\0\0\0\0+\U\0\0\0\0\0\0\0\0\0UՀ++\U\0\0\0+\U\0UՀ+\0\0\0\0\0\0\0\0\0+\U+\U\0\0\0\0\0\0\0\0+\U\0UՀ+\0\0\0\0\0\0\0\0\0+\U\0UՀ+\0\0\0\0\0\0\0+\U\0+\U\0\0\0\0\0\0\0\0\0\0\0\0\0\0\0\0\0\0\0\0\0T\0\0\0,\0\0\0,\0\0\0,\0\0\04\0\0\0\0\0\0\0\0\0\0\0)\0\09\0\0\0\0\0\0-\0\0\0\0\0\0\0\0\0\0\0\0\0\0\0S\0\0\\0\0g\0\0\0\0\\0\0\0\0+\0\0\0\0\0\0*\0\0\0\0\0\0\0\0\0\0\0\0\0\0\0\0\0\0\0\0\0\0\0\0\0\0\0\0\0\0\0	\0\0\0\0\0\0\0\0\0\0\0N\0\0\0\0\0\0\0\0\0\0\0\0\0\0\0\0\0\0\0\0\0\0\0\0\0\0\0\0\0\0\0\0\0\0\0\0\0\0\0\0\0\0\0\0\0\0\0\0\0\0\0\0\0\0\0\0\0\0\0\0\0\0\0U2\0\0\#\0\0\0\0\0\0\0\0\0\0\r\0\0\0\0\0\0\0\0\0\0\0\0\0\n\0\0\0\0xV4\0\0\0Z\0\0\0\0\0\0\0\0\0\0\0\0\0\0\0\0\0\0\0\0\0\0\0\0\0\0\0\0\0\0\0\0\0\0\0\0\0\0\0\0	\0\0\0\n\0\0\0\0\0\0d\0b\0o\0\0\0	\0\0\0P\0h\0o\0n\0g\0H\0o\0c\0\0\0!C4\0\0\0A\0\0\0\0xV4\0\0\0\0\0S\0i\0n\0h\0V\0i\0e\0n\0\0\0\0\0\0+\U\0\0\0\0\0\0+\U\0\0\0\0\0\0\0\0\0\0\0\0\0\0UU\0\0\0\0\0+\Հ+\0\0UU\0\0\0\0\0\0\0\0\0\0\0\0\0\0+\U\0\0\0\0\0\0\0\0\0UՀ++\U\0\0\0+\U\0UՀ+\0\0\0\0\0\0\0\0\0+\U+\U\0\0\0\0\0\0\0\0+\U\0UՀ+\0\0\0\0\0\0\0\0\0+\U\0UՀ+\0\0\0\0\0\0\0+\U\0+\U\0\0\0\0\0\0\0\0\0\0\0\0\0\0\0\0\0\0\0\0\0T\0\0\0,\0\0\0,\0\0\0,\0\0\04\0\0\0\0\0\0\0\0\0\0\0)\0\0\0\0\0\0\0\0-\0\0\0\0\0\0\0\0\0\0\0\0\0\0\0S\0\0\\0\0g\0\0\0\0\\0\0\0\0+\0\0\0\0\0\0*\0\0\0\0\0\0\0\0\0A\0\0\0\0\0\0\0\0\0\0\0\0\0\0\0\0\0\0\0\0\0\0\n\0\0\0\0\0\0\0\0\0\0\0N\0\0\0\0\0\0\0\0\0\0\0\0\0\0\0\0\0\0\0\0\0\0\0\0\0\0\0\0\0\0\0\0\0\0\0\0\0\0\0\0\0\0\0\0\0\0\0\0\0\0\0\0\0\0\0\0\0\0\0\0\0\0\0U2\0\0\#\0\0\0\0\0\0\0\0\0\0\r\0\0\0\0\0\0\0\0\0\0\0\0\0\n\0\0\0\0xV4\0\0\0Z\0\0\0\0\0\0\0\0\0\0\0\0\0\0\0\0\0\0\0\0\0\0\0\0\0\0\0\0\0\0\0\0\0\0\0\0\0\0\0\0	\0\0\0\n\0\0\0\0\0\0d\0b\0o\0\0\0	\0\0\0S\0i\0n\0h\0V\0i\0e\0n\0\0\0\0\0: \0\00\0\0: \0\0n!\0\0\0\0\0\0\0\0\0\0\0\0\0\0\0\0\0\0\0\0\0\0\0\0\0\0\0\0\0(\0\0\0\0\0\0\0\ \0\0\\(\0\0U\0\0X\0\02\0\0\0\0\0\0\0U\0\0X\0\0\0\0\0\0\0\0\0\0\0\0\0\0\0\0\0\0DB\0Tahoma\Z\0F\0K\0_\0P\0h\0i\0e\0u\0D\0a\0n\0g\0K\0y\0L\0H\0P\0_\0S\0i\0n\0h\0V\0i\0e\0n\0!C4\0\0\0\0\0\\0\0xV4\0\0\0\0\0S\0i\0n\0h\0V\0i\0e\0n\0_\0T\0h\0u\0o\0c\0_\0L\0o\0p\0_\0B\0i\0e\0n\0_\0C\0h\0e\0\0\0\0\0\0\0\0UU\0\0\0\0\0+\Հ+\0\0UU\0\0\0\0\0\0\0\0\0\0\0\0\0\0+\U\0\0\0\0\0\0\0\0\0UՀ++\U\0\0\0+\U\0UՀ+\0\0\0\0\0\0\0\0\0+\U+\U\0\0\0\0\0\0\0\0+\U\0UՀ+\0\0\0\0\0\0\0\0\0+\U\0UՀ+\0\0\0\0\0\0\0+\U\0+\U\0\0\0\0\0\0\0\0\0\0\0\0\0\0\0\0\0\0\0\0\0T\0\0\0,\0\0\0,\0\0\0,\0\0\04\0\0\0\0\0\0\0\0\0\0\0)\0\09\0\0\0\0\0\0-\0\0\0\0\0\0\0\0\0\0\0\0\0\0\0S\0\0\\0\0g\0\0\0\0\\0\0\0\0+\0\0\0\0\0\0*\0\0\0\0\0\0\0\0\0\0\0\\0\0\0\0\0\0\0\0\0\0\0\0\0\0\0\0\0\0\0\0/\r\0\0\0\0\0\0\0\0\0\0\0\0\0\0\0\0\0\0\0\0\0\0\0\0\0\0\0\0\0\0\0\0\0\0\0\0\0\0\0\0\0\0\0\0\0\0\0\0\0\0\0\0\0\0\0\0\0\0\0\0\0\0\0\0\0\0\0\0\0\0\0\0\0\0U2\0\0\#\0\0\0\0\0\0\0\0\0\0\r\0\0\0\0\0\0\0\0\0\0\0\0\0\n\0\0\0\0xV4\0\0\0\0\0\0\0\0\0\0\0\0\0\0\0\0\0\0\0\0\0\0\0\0\0\0\0\0\0\0\0\0\0\0\0\0\0\0\0\0\0\0\0	\0\0\0\n\0\0\0\0\0\0d\0b\0o\0\0\0\0\0\0S\0i\0n\0h\0V\0i\0e\0n\0_\0T\0h\0u\0o\0c\0_\0L\0o\0p\0_\0B\0i\0e\0n\0_\0C\0h\0e\0\0\0\0\0\0\0\0H0\0\0\0\0\0\0\0\0\0\0\0\0\0\0\0\0\0\0\0\0\0\0\0\0\0\0\0\0\0+\0\0\0\0\0\0\0\.\0\0\0\0X\0\0=\0\0\0\0\0\0\0\0\0X\0\0\0\0\0\0\0\0\0\0\0\0\0\0\0\0\0\0DB\0Tahoma-\0F\0K\0_\0D\0S\0_\0S\0i\0n\0h\0V\0i\0e\0n\0_\0T\0r\0o\0n\0g\0_\0L\0o\0p\0_\0B\0i\0e\0n\0_\0C\0h\0e\0_\0L\0o\0p\0B\0i\0e\0n\0C\0h\0e\01\0\0\0\\0\0&4\0\0\0\0&4\0\0\0\0\0\0\0\0\0\0\0\0\0\0\0\0\0\0\0\0\0\0\0\0\0\0\0\0-\0\0\0\0\0\0\0\0\02\0\0\Z\0\0X\0\0:\0\0\0\0\0\0\0\Z\0\0X\0\0\0\0\0\0\0\0\0\0\0\0\0\0\0\0\0\0DB\0Tahoma*\0F\0K\0_\0D\0S\0_\0S\0i\0n\0h\0V\0i\0e\0n\0_\0T\0r\0o\0n\0g\0_\0L\0o\0p\0_\0B\0i\0e\0n\0_\0C\0h\0e\0_\0S\0i\0n\0h\0V\0i\0e\0n\0!C4\0\0\0A\0\0q\n\0\0xV4\0\0\0\0\0S\0i\0n\0h\0V\0i\0e\0n\0_\0T\0h\0u\0o\0c\0_\0N\0g\0a\0n\0h\0\0\0\0\0\0\0\0\0\0\0\0\0\0\0\0\0\0\0\0\0\0\0\0\0\0\0\0\0\0\0\0\0\0\0\0\0\0\0\0\0\0\0\0\0\0\0\0\0\0\0\0\0\0\0\0\0\0\0\0\0\0\0\0\0\0\0\0\0\0\0\0\0\0\0\0\0\0\0\0\0\0\0\0\0\0\0\0\0\0\0\0\0\0\0\0\0\0\0\0\0\0\0\0\0\0\0\0\0\0\0\0\0\0\0\0\0\0\0\0\0\0\0\0\0\0\0\0\0\0\0\0\0\0\0\0\0\0\0\0\0\0\0\0\0\0\0\0\0\0\0\0\0\0\0\0\0\0\0\0\0\0\0\0\0\0\0\0\0\0\0\0\0\0\0\0\0\0\0\0\0\0\0\0\0\0\0\0\0\0\0\0\0\0\0\0\0\0\0\0\0\0\0\0\0\0\0\0\0\0\0\0\0\0\0T\0\0\0,\0\0\0,\0\0\0,\0\0\04\0\0\0\0\0\0\0\0\0\0\0)\0\09\0\0\0\0\0\0-\0\0\0\0\0\0\0\0\0\0\0\0\0\0\0S\0\0\\0\0g\0\0\0\0\\0\0\0\0+\0\0\0\0\0\0*\0\0\0\0\0\0\0\0\0A\0\0q\n\0\0\0\0\0\0\0\0\0\0\0\0\0\0\0\0\0\0\0\0\n\0\0\0\0\0\0\0\0\0\0\0\0\0\0\0\0\0\0\0\0\0\0\0\0\0\0\0\0\0\0\0\0\0\0\0\0\0\0\0\0\0\0\0\0\0\0\0\0\0\0\0\0\0\0\0\0\0\0\0\0\0\0\0\0\0\0\0\0\0\0\0\0\0\0U2\0\0\#\0\0\0\0\0\0\0\0\0\0\r\0\0\0\0\0\0\0\0\0\0\0\0\0\n\0\0\0\0xV4\0\0\0r\0\0\0\0\0\0\0\0\0\0\0\0\0\0\0\0\0\0\0\0\0\0\0\0\0\0\0\0\0\0\0\0\0\0\0\0\0\0\0\0	\0\0\0\n\0\0\0\0\0\0d\0b\0o\0\0\0\0\0\0S\0i\0n\0h\0V\0i\0e\0n\0_\0T\0h\0u\0o\0c\0_\0N\0g\0a\0n\0h\0\0\0\0\0-\N\0\0N\0\0\0\0\0\0\0\0\0\0\0\0\0\0\0\0\0\0\0\0\0\0\0\0\0\0\0\0\00\0\0\0\0\0\0\0\}L\0\0\0\0X\0\07\0\0\0\0\0\0\0\0\0X\0\0\0\0\0\0\0\0\0\0\0\0\0\0\0\0\0DB\0Tahoma%\0F\0K\0_\0D\0S\0_\0S\0i\0n\0h\0V\0i\0e\0n\0_\0T\0h\0e\0o\0_\0N\0g\0a\0n\0h\0_\0C\0h\0u\0y\0e\0n\0N\0g\0a\0n\0h\0\0\0\\0\0H\0\0]\n\0\0H\0\0\0\0\0\0\0\0\0\0\0\0\0\0\0\0\0\0\0\0\0\0\0\0\0\0\0\02\0\0\0\0\0\0\0=\0\0F\0\0\0\0X\0\09\0\0\0\0\0\0\0\0\0X\0\0\0\0\0\0\0\0\0\0\0\0\0\0\0\0\0DB\0Tahoma#\0F\0K\0_\0D\0S\0_\0S\0i\0n\0h\0V\0i\0e\0n\0_\0T\0h\0e\0o\0_\0N\0g\0a\0n\0h\0_\0S\0i\0n\0h\0V\0i\0e\0n\01\0!C4\0\0\0A\0\0q\n\0\0xV4\0\0\0\0\0T\0a\0i\0K\0h\0o\0a\0n\0N\0V\0\0\0\0\0\0\0\0\0\0\0\0\0\0\0\0\0\0\0\0\0\0\0\0\0\0\0\0\0\0\0\0\0\0\0\0\0\0\0\0\0\0\0\0\0\0\0\0\0\0\0\0\0\0\0\0\0\0\0\0\0\0\0\0\0\0\0\0\0\0\0\0\0\0\0\0\0\0\0\0\0\0\0\0\0\0\0\0\0\0\0\0\0\0\0\0\0\0\0\0\0\0\0\0\0\0\0\0\0\0\0\0\0\0\0\0\0\0\0\0\0\0\0\0\0\0\0\0\0\0\0\0\0\0\0\0\0\0\0\0\0\0\0\0\0\0\0\0\0\0\0\0\0\0\0\0\0\0\0\0\0\0\0\0\0\0\0\0\0\0\0\0\0\0\0\0\0\0\0\0\0\0\0\0\0\0\0\0\0\0\0\0\0\0\0\0\0\0\0\0\0\0\0\0\0\0\0\0\0\0\0\0\0\0\0\0\0\0\0\0\0\0\0\0\0\0\0\0\0\0\0\0\0\0\0T\0\0\0,\0\0\0,\0\0\0,\0\0\04\0\0\0\0\0\0\0\0\0\0\0)\0\09\0\0\0\0\0\0-\0\0\0\0\0\0\0\0\0\0\0\0\0\0\0S\0\0\\0\0g\0\0\0\0\\0\0\0\0+\0\0\0\0\0\0*\0\0\0\0\0\0\0\0\0A\0\0q\n\0\0\0\0\0\0\0\0\0\0\0\0\0\0\0\0\0\0\0\0\n\0\0\0\0\0\0\0\0\0\0\0N\0\0\0\0\0\0\0\0\0\0\0\0\0\0\0\0\0\0\0\0\0\0\0\0\0\0\0\0\0\0\0\0\0\0\0\0\0\0\0\0\0\0\0\0\0\0\0\0\0\0\0\0\0\0\0\0\0\0\0\0\0\0\0U2\0\0\#\0\0\0\0\0\0\0\0\0\0\r\0\0\0\0\0\0\0\0\0\0\0\0\0\n\0\0\0\0xV4\0\0\0^\0\0\0\0\0\0\0\0\0\0\0\0\0\0\0\0\0\0\0\0\0\0\0\0\0\0\0\0\0\0\0\0\0\0\0\0\0\0\0\0	\0\0\0\n\0\0\0\0\0\0d\0b\0o\0\0\0\0\0\0T\0a\0i\0K\0h\0o\0a\0n\0N\0V\0\0\0\0\01	\0\0^e\0\0\\0\0^e\0\0\0\0\0\0\0\0\0\0\0\0\0\0\0\0\0\0\0\0\0\0\0\0\0\0\0\05\0\0\0\0\0\0\0\Wc\0\0\0\0X\0\0>\0\0\0\0\0\0\0\0\0X\0\0\0\0\0\0\0\0\0\0\0\0\0\0\0\0\0DB\0Tahoma!\0F\0K\0_\0T\0a\0i\0K\0h\0o\0a\0n\0N\0V\0_\0N\0h\0a\0n\0V\0i\0e\0n\0P\0h\0o\0n\0g\0D\0a\0o\0T\0a\0o\0!C4\0\0\0A\0\0q\n\0\0xV4\0\0\0\0\0T\0a\0i\0K\0h\0o\0a\0n\0S\0V\0\0\0\0\0\0\0\0\0\0\0\0\0\0\0\0\0\0\0\0\0\0\0\0\0\0\0\0\0\0\0\0\0\0\0\0\0\0\0\0\0\0\0\0\0\0\0\0\0\0\0\0\0\0\0\0\0\0\0\0\0\0\0\0\0\0\0\0\0\0\0\0\0\0\0\0\0\0\0\0\0\0\0\0\0\0\0\0\0\0\0\0\0\0\0\0\0\0\0\0\0\0\0\0\0\0\0\0\0\0\0\0\0\0\0\0\0\0\0\0\0\0\0\0\0\0\0\0\0\0\0\0\0\0\0\0\0\0\0\0\0\0\0\0\0\0\0\0\0\0\0\0\0\0\0\0\0\0\0\0\0\0\0\0\0\0\0\0\0\0\0\0\0\0\0\0\0\0\0\0\0\0\0\0\0\0\0\0\0\0\0\0\0\0\0\0\0\0\0\0\0\0\0\0\0\0\0\0\0\0\0\0\0\0\0\0\0\0\0\0\0\0\0\0\0\0\0\0\0\0\0\0\0\0\0T\0\0\0,\0\0\0,\0\0\0,\0\0\04\0\0\0\0\0\0\0\0\0\0\0)\0\09\0\0\0\0\0\0-\0\0\0\0\0\0\0\0\0\0\0\0\0\0\0S\0\0\\0\0g\0\0\0\0\\0\0\0\0+\0\0\0\0\0\0*\0\0\0\0\0\0\0\0\0A\0\0q\n\0\0\0\0\0\0\0\0\0\0\0\0\0\0\0\0\0\0\0\0\n\0\0\0\0\0\0\0\0\0\0\0N\0\0\0\0\0\0\0\0\0\0\0\0\0\0\0\0\0\0\0\0\0\0\0\0\0\0\0\0\0\0\0\0\0\0\0\0\0\0\0\0\0\0\0\0\0\0\0\0\0\0\0\0\0\0\0\0\0\0\0\0\0\0\0U2\0\0\#\0\0\0\0\0\0\0\0\0\0\r\0\0\0\0\0\0\0\0\0\0\0\0\0\n\0\0\0\0xV4\0\0\0^\0\0\0\0\0\0\0\0\0\0\0\0\0\0\0\0\0\0\0\0\0\0\0\0\0\0\0\0\0\0\0\0\0\0\0\0\0\0\0\0	\0\0\0\n\0\0\0\0\0\0d\0b\0o\0\0\0\0\0\0T\0a\0i\0K\0h\0o\0a\0n\0S\0V\0\0\0\0\0.\0\0&4\0\0~6\0\0&4\0\0\0\0\0\0\0\0\0\0\0\0\0\0\0\0\0\0\0\0\0\0\0\0\0\0\0\08\0\0\0\0\0\0\0+\0\02\0\0+\0\0X\0\0A\0\0\0\0\0\0\0+\0\0X\0\0\0\0\0\0\0\0\0\0\0\0\0\0\0\0\0DB\0Tahoma\0F\0K\0_\0T\0a\0i\0K\0h\0o\0a\0n\0_\0S\0i\0n\0h\0V\0i\0e\0n\0!C4\0\0\0\0\0\0\0xV4\0\0\0\0\0T\0h\0o\0i\0G\0i\0a\0n\0_\0P\0h\0o\0n\0g\0H\0o\0c\0_\0G\0i\0a\0n\0g\0V\0i\0e\0n\0\0\0\0\0\0\0\0\0\0\0\0\0\0\0\0\0\0\0\0\0\0\0\0\0\0\0\0\0\0\0\0\0\0\0\0\0\0\0\0\0\0\0\0\0\0\0\0\0\0\0\0\0\0\0\0\0\0\0\0\0\0\0\0\0\0\0\0\0\0\0\0\0\0\0\0\0\0\0\0\0\0\0\0\0\0\0\0\0\0\0\0\0\0\0\0\0\0\0\0\0\0\0\0\0\0\0\0\0\0\0\0\0\0\0\0\0\0\0\0\0\0\0\0\0\0\0\0\0\0\0\0\0\0\0\0\0\0\0\0\0\0\0\0\0\0\0\0\0\0\0\0\0\0\0\0\0\0\0\0\0\0\0\0\0\0\0\0\0\0\0\0\0\0\0\0\0\0\0\0\0\0\0\0\0\0\0\0\0\0\0\0\0\0\0\0\0\0\0\0\0T\0\0\0,\0\0\0,\0\0\0,\0\0\04\0\0\0\0\0\0\0\0\0\0\0)\0\0\\Z\0\0\0\0\0\0-\0\0	\0\0\0\0\0\0\0\0\0\0\0\0\0S\0\0\\0\0g\0\0\0\0\\0\0\0\0+\0\0\0\0\0\0*\0\0\0\0\0\0\0\0\0\0\0\0\0\0\0\0\0\0\0\0\0\0\0\0\0\0\0\0\0\0\0\r\0\0\0\0\0\0\0\0\0\0\0 \r\0\0\0\0\0\0\0\0\0\0\0\0\0\0\0\0\0\0\0\0\0\0\0\0\0\0\0\0\0\0\0\0\0\0\0\0\0\0\0\0\0\0\0\0\0\0\0\0\0\0\0\0\0\0\0\0\0\0\0\0\0\0\0U2\0\0\#\0\0\0\0\0\0\0\0\0\0\r\0\0\0\0\0\0\0\0\0\0\0\0\0\n\0\0\0\0xV4\0\0\0\0\0\0\0\0\0\0\0\0\0\0\0\0\0\0\0\0\0\0\0\0\0\0\0\0\0\0\0\0\0\0\0\0\0\0\0\0\0\0\0	\0\0\0\n\0\0\0\0\0\0d\0b\0o\0\0\0\0\0\0T\0h\0o\0i\0G\0i\0a\0n\0_\0P\0h\0o\0n\0g\0H\0o\0c\0_\0G\0i\0a\0n\0g\0V\0i\0e\0n\0\0\0\0\0\\\0\0\\0\0\0\0\0\0\0\0\0\0\0\0\0\0\0\0\0\0\0\0\0\0\0\0\0\0\0\0\0;\0\0\0\0\0\0\03\\\0\0\0\0\0X\0\07\0\0\0\0\0\0\0\0\0X\0\0\0\0\0\0\0\0\0\0\0\0\0\0\0\0\0DB\0Tahoma(\0F\0K\0_\0T\0h\0o\0i\0G\0i\0a\0n\0_\0P\0h\0o\0n\0g\0H\0o\0c\0_\0G\0i\0a\0n\0g\0V\0i\0e\0n\0_\0G\0i\0a\0n\0g\0V\0i\0e\0n\0\0\0NW\0\0\\0\0\0\0\\0\0\0\0\0\0\0\0\0\0\0\0\0\0\0\0\0\0\0\0\0\0\0\0\0\0\0\0\0=\0\0\0\0\0\0\0&\0\0\\0\0\0\r\0\0X\0\07\0\0\0\0\0\0\0\r\0\0X\0\0\0\0\0\0\0\0\0\0\0\0\0\0\0\0\0DB\0Tahoma\0F\0K\0_\0T\0h\0o\0i\0G\0i\0a\0n\0_\0P\0h\0o\0n\0g\0H\0o\0c\0_\0L\0o\0p\0H\0o\0c\0P\0h\0a\0n\0\0\0\0\0\0\0\0\0\0\0\0\0\0\0\0\0\0\0\0\0\0\0\0\0\0\0\0\0\0\0\0\0\0\0\0\0\0?\0\0\0\0\0\0\0e	\0\0\0\0r\0\0X\0\07\0\0\0\0\0\0\0r\0\0X\0\0\0\0\0\0\0\0\0\0\0\0\0\0\0\0\0DB\0Tahoma\0F\0K\0_\0T\0h\0o\0i\0G\0i\0a\0n\0_\0P\0h\0o\0n\0g\0H\0o\0c\0_\0N\0h\0o\0m\0\0\0t\ \0\0td\0\0\0\0\0\0\0\0\0\0\0\0\0\0\0\0\0\0\0\0\0\0\0\0\0\0\0\0\0A\0\0\0\0\0\0\0#:\0\0\\0\0X\0\0<\0\0\0\0\0\0\0\\0\0X\0\0\0\0\0\0\0\0\0\0\0\0\0\0\0\0\0DB\0Tahoma\0F\0K\0_\0T\0h\0o\0i\0G\0i\0a\0n\0_\0P\0h\0o\0n\0g\0H\0o\0c\0_\0P\0h\0o\0n\0g\0H\0o\0c\0\0\0\0\0\0\0\0\0\0\0\0\0\0\0\0\0\0\0\0\0\0\0\0\0\0\0\0\0\0\0\0\0\0\0\0\0\0\0\0\0\0\0\0\0\0\0\0\0\0\0\0\0\0\0\0\0\0\0\0\0\0\0\0\0\0\0\0\0\0\0\0\0\0\0\0\0\0\0\0\0\0\0\0\0\0\0\0\0\0\0\0\0\0\0\0\0\0\0\0\0\0\0\0\0\0\0\0\0\0\0\0\0\0\0\0\0\0\0\0\0\0	\0\0\0\n\0\0\0\0\0\0\0\0\0\r\0\0\0\0\0\0\0\0\0\0\0\0\0\0\0\0\0\0\0\0\0\0\0\0\0\0\0\0\0\0\0\0\0\0\0\0\0\0\0\0\n\0\0\0\0\0\0\0\0\0\0\0\0\0\0\0\0\0\0\0\0\0Microsoft DDS Form 2.0\0\0\0\0Embedded Object\0\0\0\0\09q\0\0\0\0\0\0\0\0\0\0\0\0\0\0\0\0\0\0\0\0\0\0\0\0\0\0\0\0\0\0\0\0\0\0\0\0\0\0\0\0\0\0\0\0\0\0\0\0\0\0\0\0\0\0\0\0\0\0\0Na\0\0\0\0\0\0\0\0\0\0\0\0\0\0\0\0\0\0\0\0\0\0\0\0\0\0\0\0\0\0\0\0\0\0\0\0\0\0\0\0\0\0\0\\\\Q\0\W9\0\0\0\0d\\\\0\0HE\0\0\0\0\0\0\0\0\0\0\0\0\0\0\0\0\0\0\0D\0a\0t\0a\0 \0S\0o\0u\0r\0c\0e\0=\0P\0O\0P\0Y\0O\0C\0;\0I\0n\0i\0t\0i\0a\0l\0 \0C\0a\0t\0a\0l\0o\0g\0=\0S\0Q\0L\0Q\0u\0a\0n\0L\0y\0H\0o\0c\0P\0h\0a\0n\0;\0P\0e\0r\0s\0i\0s\0t\0 \0S\0e\0c\0u\0r\0i\0t\0y\0 \0I\0n\0f\0o\0=\0T\0r\0u\0e\0;\0U\0s\0e\0r\0 \0I\0D\0=\0s\0a\0;\0M\0u\0l\0t\0i\0p\0l\0e\0A\0c\0t\0i\0v\0e\0R\0e\0s\0u\0l\0t\0S\0e\0t\0s\0=\0F\0a\0l\0s\0e\0;\0P\0a\0c\0k\0e\0t\0 \0S\0i\0z\0e\0\0D\0d\0s\0S\0t\0r\0e\0a\0m\0\0\0\0\0\0\0\0\0\0\0\0\0\0\0\0\0\0\0\0\0\0\0\0\0\0\0\0\0\0\0\0\0\0\0\0\0\0\0\0\0\0\0\0\0\0\0\0\0\0\0\0\0\0\0\0\0\0\0\0\0\0\0\0\0\0\0\0\0\0\0\0\0\0\0\0\0\0\0\0\0\0\0\0\0\0\0\0\02\0\0\0%6\0\0\0\0\0\0S\0c\0h\0e\0m\0a\0 \0U\0D\0V\0 \0D\0e\0f\0a\0u\0l\0t\0\0\0\0\0\0\0\0\0\0\0\0\0\0\0\0\0\0\0\0\0\0\0\0\0\0\0\0\0&\0\0\0\0\0\0\0\0\0\0\0\0\0\0\0\0\0\0\0\0\0\0\0\0\0\0\0\0\0\0\0\0\0\0\0\0\0\0\0\0\0\0\0\0\0\0\0\0D\0S\0R\0E\0F\0-\0S\0C\0H\0E\0M\0A\0-\0C\0O\0N\0T\0E\0N\0T\0S\0\0\0\0\0\0\0\0\0\0\0\0\0\0\0\0\0\0\0\0\0\0\0,\0\0\0\0\0\0\0\0\0\0\0\0\0\0\0\0\0\0\0\0\0\0\0\0\0\0\0\0\0\0\0\0\0\0\0\0\0\0\0\0\0\0\0\0\0\0\0\0\0\0\0\0S\0c\0h\0e\0m\0a\0 \0U\0D\0V\0 \0D\0e\0f\0a\0u\0l\0t\0 \0P\0o\0s\0t\0 \0V\06\0\0\0\0\0\0\0\0\0\0\0\0\06\0\0\0\0\0\0\0\0\0\0\0\0\0\0\0\0\0\0\0\0\0\0\0\0\0\0\0\0\0\0\0\0\0\0\0\0\0\0\Z\0\0\0\0\0\0\0\0\0\0\0\0\08B\0&\0\0\0s\0c\0h\0_\0l\0a\0b\0e\0l\0s\0_\0v\0i\0s\0i\0b\0l\0e\0\0\0\0\0\0\0\0\0\0\0\0\0\0\0\0\0\0\0\0\0\0\0\0\0\0\0\0d\0\0\0\0\0\0\0\0\0\0\0\0\0\0\0\0\0\0\0\0\0\0\0\0\0\0\0\0\0\0\0\0\0\0\0\0\0\0\0\0\0\0\0\0\0\0\0\\0\0\0(\0\0\0A\0c\0t\0i\0v\0e\0T\0a\0b\0l\0e\0V\0i\0e\0w\0M\0o\0d\0e\0\0\0\0\0\0\0\0\0\01\0\0\0 \0\0\0T\0a\0b\0l\0e\0V\0i\0e\0w\0M\0o\0d\0e\0:\00\0\0\0\0\0\0\0:\0\0\04\0,\00\0,\02\08\04\0,\00\0,\02\02\09\05\0,\01\0,\01\08\07\05\0,\05\0,\01\02\04\05\0\0\0 \0\0\0T\0a\0b\0l\0e\0V\0i\0e\0w\0M\0o\0d\0e\0:\01\0\0\0\0\0\0\0\0\0\02\0,\00\0,\02\08\04\0,\00\0,\02\07\01\05\0\0\0 \0\0\0T\0a\0b\0l\0e\0V\0i\0e\0w\0M\0o\0d\0e\0:\02\0\0\0\0\0\0\0\0\0\02\0,\00\0,\02\08\04\0,\00\0,\02\02\09\05\0\0\0 \0\0\0T\0a\0b\0l\0e\0V\0i\0e\0w\0M\0o\0d\0e\0:\03\0\0\0\0\0\0\0\0\0\02\0,\00\0,\02\08\04\0,\00\0,\02\02\09\05\0\0\0 \0\0\0T\0a\0b\0l\0e\0V\0i\0e\0w\0M\0o\0d\0e\0:\04\0\0\0\0\0\0\0>\0\0\04\0,\00\0,\02\08\04\0,\00\0,\02\02\09\05\0,\01\02\0,\02\07\01\05\0,\01\01\0,\01\06\06\05\0\0\0\0\0\0\0\0\0\0\0\0\0\0\0\0\0\0\0\0\0\0\0\0\0\\0\0\0(\0\0\0A\0c\0t\0i\0v\0e\0T\0a\0b\0l\0e\0V\0i\0e\0w\0M\0o\0d\0e\0\0\0\0\0\0\0\0\0\01\0\0\0 \0\0\0T\0a\0b\0l\0e\0V\0i\0e\0w\0M\0o\0d\0e\0:\00\0\0\0\0\0\0\0:\0\0\04\0,\00\0,\02\08\04\0,\00\0,\02\02\09\05\0,\01\0,\01\08\07\05\0,\05\0,\01\02\04\05\0\0\0 \0\0\0T\0a\0b\0l\0e\0V\0i\0e\0w\0M\0o\0d\0e\0:\01\0\0\0\0\0\0\0\0\0\02\0,\00\0,\02\08\04\0,\00\0,\02\07\01\05\0\0\0 \0\0\0T\0a\0b\0l\0e\0V\0i\0e\0w\0M\0o\0d\0e\0:\02\0\0\0\0\0\0\0\0\0\02\0,\00\0,\02\08\04\0,\00\0,\02\02\09\05\0\0\0 \0\0\0T\0a\0b\0l\0e\0V\0i\0e\0w\0M\0o\0d\0e\0:\03\0\0\0\0\0\0\0\0\0\02\0,\00\0,\02\08\04\0,\00\0,\02\02\09\05\0\0\0 \0\0\0T\0a\0b\0l\0e\0V\0i\0e\0w\0M\0o\0d\0e\0:\04\0\0\0\0\0\0\0>\0\0\04\0,\00\0,\02\08\04\0,\00\0,\02\02\09\05\0,\01\02\0,\02\07\01\05\0,\01\01\0,\01\06\06\05\0\0\0\0\0\0\0\0\0\0\0\0\0R\0\0\0\0\0\0d\0b\0o\0\0\0F\0K\0_\0C\0h\0u\0o\0n\0g\0T\0r\0i\0n\0h\0K\0h\0u\0n\0g\0_\0C\0h\0u\0y\0e\0n\0N\0g\0a\0n\0h\01\0\0\0\0\0\0\0\0\0\0\0\\0\0\0\0\0\0\0\0\0\0\0\0\0\0\0\0N{N{\0\0\0\0\0\0\0\0\0\0\0\0\0\0\0\0\0\0\0\0\0\0\0\0\0\0\0\0\0\0\0\0\0\0\0\\0\0\0(\0\0\0A\0c\0t\0i\0v\0e\0T\0a\0b\0l\0e\0V\0i\0e\0w\0M\0o\0d\0e\0\0\0\0\0\0\0\0\0\01\0\0\0 \0\0\0T\0a\0b\0l\0e\0V\0i\0e\0w\0M\0o\0d\0e\0:\00\0\0\0\0\0\0\0:\0\0\04\0,\00\0,\02\08\04\0,\00\0,\02\02\09\05\0,\01\0,\01\08\07\05\0,\05\0,\01\02\04\05\0\0\0 \0\0\0T\0a\0b\0l\0e\0V\0i\0e\0w\0M\0o\0d\0e\0:\01\0\0\0\0\0\0\0\0\0\02\0,\00\0,\02\08\04\0,\00\0,\02\07\01\05\0\0\0 \0\0\0T\0a\0b\0l\0e\0V\0i\0e\0w\0M\0o\0d\0e\0:\02\0\0\0\0\0\0\0\0\0\02\0,\00\0,\02\08\04\0,\00\0,\02\02\09\05\0\0\0 \0\0\0T\0a\0b\0l\0e\0V\0i\0e\0w\0M\0o\0d\0e\0:\03\0\0\0\0\0\0\0\0\0\02\0,\00\0,\02\08\04\0,\00\0,\02\02\09\05\0\0\0 \0\0\0T\0a\0b\0l\0e\0V\0i\0e\0w\0M\0o\0d\0e\0:\04\0\0\0\0\0\0\0>\0\0\04\0,\00\0,\02\08\04\0,\00\0,\02\02\09\05\0,\01\02\0,\02\07\01\05\0,\01\01\0,\01\06\06\05\0\0\0\0\0\0\0\0\0\0\0\0\0\0\0\0\0\0\0\0\0\0\0\0\0\\0\0\0(\0\0\0A\0c\0t\0i\0v\0e\0T\0a\0b\0l\0e\0V\0i\0e\0w\0M\0o\0d\0e\0\0\0\0\0\0\0\0\0\01\0\0\0 \0\0\0T\0a\0b\0l\0e\0V\0i\0e\0w\0M\0o\0d\0e\0:\00\0\0\0\0\0\0\0:\0\0\04\0,\00\0,\02\08\04\0,\00\0,\02\02\09\05\0,\01\0,\01\08\07\05\0,\05\0,\01\02\04\05\0\0\0 \0\0\0T\0a\0b\0l\0e\0V\0i\0e\0w\0M\0o\0d\0e\0:\01\0\0\0\0\0\0\0\0\0\02\0,\00\0,\02\08\04\0,\00\0,\02\04\04\05\0\0\0 \0\0\0T\0a\0b\0l\0e\0V\0i\0e\0w\0M\0o\0d\0e\0:\02\0\0\0\0\0\0\0\0\0\02\0,\00\0,\02\08\04\0,\00\0,\02\02\09\05\0\0\0 \0\0\0T\0a\0b\0l\0e\0V\0i\0e\0w\0M\0o\0d\0e\0:\03\0\0\0\0\0\0\0\0\0\02\0,\00\0,\02\08\04\0,\00\0,\02\02\09\05\0\0\0 \0\0\0T\0a\0b\0l\0e\0V\0i\0e\0w\0M\0o\0d\0e\0:\04\0\0\0\0\0\0\0>\0\0\04\0,\00\0,\02\08\04\0,\00\0,\02\02\09\05\0,\01\02\0,\02\07\01\05\0,\01\01\0,\01\06\06\05\0\0\0\0\0\0\0\0\0\0\0\0\0\0\0\0\0\0\0\0\0\0\0\0\0\\0\0\0(\0\0\0A\0c\0t\0i\0v\0e\0T\0a\0b\0l\0e\0V\0i\0e\0w\0M\0o\0d\0e\0\0\0\0\0\0\0\0\0\01\0\0\0 \0\0\0T\0a\0b\0l\0e\0V\0i\0e\0w\0M\0o\0d\0e\0:\00\0\0\0\0\0\0\0:\0\0\04\0,\00\0,\02\08\04\0,\00\0,\02\02\09\05\0,\01\0,\01\08\07\05\0,\05\0,\01\02\04\05\0\0\0 \0\0\0T\0a\0b\0l\0e\0V\0i\0e\0w\0M\0o\0d\0e\0:\01\0\0\0\0\0\0\0\0\0\02\0,\00\0,\02\08\04\0,\00\0,\02\07\01\05\0\0\0 \0\0\0T\0a\0b\0l\0e\0V\0i\0e\0w\0M\0o\0d\0e\0:\02\0\0\0\0\0\0\0\0\0\02\0,\00\0,\02\08\04\0,\00\0,\02\02\09\05\0\0\0 \0\0\0T\0a\0b\0l\0e\0V\0i\0e\0w\0M\0o\0d\0e\0:\03\0\0\0\0\0\0\0\0\0\02\0,\00\0,\02\08\04\0,\00\0,\02\02\09\05\0\0\0 \0\0\0T\0a\0b\0l\0e\0V\0i\0e\0w\0M\0o\0d\0e\0:\04\0\0\0\0\0\0\0>\0\0\04\0,\00\0,\02\08\04\0,\00\0,\02\02\09\05\0,\01\02\0,\02\07\01\05\0,\01\01\0,\01\06\06\05\0\0\0\0\0\0\0\0\0\0\0\0\08\0\0\0\0\0\0\0\0\0d\0b\0o\0\0\0F\0K\0_\0C\0h\0u\0y\0e\0n\0N\0g\0a\0n\0h\0_\0K\0h\0o\0a\0\0\0\0\0\0\0\0\0\0\0\\0\0\0\0	\0\0\0	\0\0\0\0\0\0\0\0\0P{P{\0\0\0\0\0\0\0\0\0\0\0\0\0\n\0\0\0\n\0\0\0\0\0\0\04\0\0\0\0\0\0d\0b\0o\0\0\0F\0K\0_\0G\0i\0a\0n\0g\0V\0i\0e\0n\0_\0K\0h\0o\0a\0\0\0\0\0\0\0\0\0\0\0\\0\0\0\0\0\0\0\0\0\0\n\0\0\0\0\0\0M{\0M{\0\0\0\0\0\0\0\0\0\0\0\0\0\0\0\0\0\0\0\0\0\0\0\0\0\0\0\0\0\0\0\0\0\0\0\\0\0\0(\0\0\0A\0c\0t\0i\0v\0e\0T\0a\0b\0l\0e\0V\0i\0e\0w\0M\0o\0d\0e\0\0\0\0\0\0\0\0\0\01\0\0\0 \0\0\0T\0a\0b\0l\0e\0V\0i\0e\0w\0M\0o\0d\0e\0:\00\0\0\0\0\0\0\0:\0\0\04\0,\00\0,\02\08\04\0,\00\0,\02\02\09\05\0,\01\0,\01\08\07\05\0,\05\0,\01\02\04\05\0\0\0 \0\0\0T\0a\0b\0l\0e\0V\0i\0e\0w\0M\0o\0d\0e\0:\01\0\0\0\0\0\0\0\0\0\02\0,\00\0,\02\08\04\0,\00\0,\02\07\01\05\0\0\0 \0\0\0T\0a\0b\0l\0e\0V\0i\0e\0w\0M\0o\0d\0e\0:\02\0\0\0\0\0\0\0\0\0\02\0,\00\0,\02\08\04\0,\00\0,\02\02\09\05\0\0\0 \0\0\0T\0a\0b\0l\0e\0V\0i\0e\0w\0M\0o\0d\0e\0:\03\0\0\0\0\0\0\0\0\0\02\0,\00\0,\02\08\04\0,\00\0,\02\02\09\05\0\0\0 \0\0\0T\0a\0b\0l\0e\0V\0i\0e\0w\0M\0o\0d\0e\0:\04\0\0\0\0\0\0\0>\0\0\04\0,\00\0,\02\08\04\0,\00\0,\02\02\09\05\0,\01\02\0,\02\07\01\05\0,\01\01\0,\01\06\06\05\0\0\0\r\0\0\0\r\0\0\0\0\0\0\0@\0\0\0\\S\0\0\0d\0b\0o\0\0\0F\0K\0_\0L\0o\0p\0B\0i\0e\0n\0C\0h\0e\0_\0G\0i\0a\0n\0g\0V\0i\0e\0n\0\0\0\0\0\0\0\0\0\0\0\\0\0\0\0\0\0\0\0\0\0\r\0\0\0\0\0\0M{M{\0\0\0\0\0\0\0\0\0\0\0\0\0\0\0\0\0\0\0\0\0\0\0\0\0\0\0\0\0\0\0\0\0\0\0\\0\0\0(\0\0\0A\0c\0t\0i\0v\0e\0T\0a\0b\0l\0e\0V\0i\0e\0w\0M\0o\0d\0e\0\0\0\0\0\0\0\0\0\01\0\0\0 \0\0\0T\0a\0b\0l\0e\0V\0i\0e\0w\0M\0o\0d\0e\0:\00\0\0\0\0\0\0\0:\0\0\04\0,\00\0,\02\08\04\0,\00\0,\02\02\09\05\0,\01\0,\01\08\07\05\0,\05\0,\01\02\04\05\0\0\0 \0\0\0T\0a\0b\0l\0e\0V\0i\0e\0w\0M\0o\0d\0e\0:\01\0\0\0\0\0\0\0\0\0\02\0,\00\0,\02\08\04\0,\00\0,\02\07\01\05\0\0\0 \0\0\0T\0a\0b\0l\0e\0V\0i\0e\0w\0M\0o\0d\0e\0:\02\0\0\0\0\0\0\0\0\0\02\0,\00\0,\02\08\04\0,\00\0,\02\02\09\05\0\0\0 \0\0\0T\0a\0b\0l\0e\0V\0i\0e\0w\0M\0o\0d\0e\0:\03\0\0\0\0\0\0\0\0\0\02\0,\00\0,\02\08\04\0,\00\0,\02\02\09\05\0\0\0 \0\0\0T\0a\0b\0l\0e\0V\0i\0e\0w\0M\0o\0d\0e\0:\04\0\0\0\0\0\0\0>\0\0\04\0,\00\0,\02\08\04\0,\00\0,\02\02\09\05\0,\01\02\0,\02\07\01\05\0,\01\01\0,\01\06\06\05\0\0\0\0\0\0\0\0\0\0\0\0\08\0\0\0\0\0\0\0\0\0d\0b\0o\0\0\0F\0K\0_\0L\0o\0p\0H\0o\0c\0P\0h\0a\0n\0_\0H\0o\0c\0K\0y\0\0\0\0\0\0\0\0\0\0\0\\0\0\0\0\0\0\0\0\0\0\0\0\0\0\0\0K{K{\0\0\0\0\0\0\0\0\0\0\0\0\0\0\0\0\0\0\0\0\0\0\0\0\0\0\0\0\0\0\0\0\0\0\0\\0\0\0(\0\0\0A\0c\0t\0i\0v\0e\0T\0a\0b\0l\0e\0V\0i\0e\0w\0M\0o\0d\0e\0\0\0\0\0\0\0\0\0\01\0\0\0 \0\0\0T\0a\0b\0l\0e\0V\0i\0e\0w\0M\0o\0d\0e\0:\00\0\0\0\0\0\0\0:\0\0\04\0,\00\0,\02\08\04\0,\00\0,\02\02\09\05\0,\01\0,\01\08\07\05\0,\05\0,\01\02\04\05\0\0\0 \0\0\0T\0a\0b\0l\0e\0V\0i\0e\0w\0M\0o\0d\0e\0:\01\0\0\0\0\0\0\0\0\0\02\0,\00\0,\02\08\04\0,\00\0,\02\07\01\05\0\0\0 \0\0\0T\0a\0b\0l\0e\0V\0i\0e\0w\0M\0o\0d\0e\0:\02\0\0\0\0\0\0\0\0\0\02\0,\00\0,\02\08\04\0,\00\0,\02\02\09\05\0\0\0 \0\0\0T\0a\0b\0l\0e\0V\0i\0e\0w\0M\0o\0d\0e\0:\03\0\0\0\0\0\0\0\0\0\02\0,\00\0,\02\08\04\0,\00\0,\02\02\09\05\0\0\0 \0\0\0T\0a\0b\0l\0e\0V\0i\0e\0w\0M\0o\0d\0e\0:\04\0\0\0\0\0\0\0>\0\0\04\0,\00\0,\02\08\04\0,\00\0,\02\02\09\05\0,\01\02\0,\02\07\01\05\0,\01\01\0,\01\06\06\05\0\0\0\0\0\0\0\0\0\0\0\0\0F\0\0\0H\r\0\0\0d\0b\0o\0\0\0F\0K\0_\0C\0h\0u\0o\0n\0g\0T\0r\0i\0n\0h\0K\0h\0u\0n\0g\0_\0M\0o\0n\0H\0o\0c\0\0\0\0\0\0\0\0\0\0\0\\0\0\0\0\0\0\0\0\0\0\0\0\0\0\0\0K{@K{\0\0\0\0\0\0\0\0\0\0\0\0\0\0\0\0\0\0\0\0\0\0\0:\0\0\0\\S\0\0\0d\0b\0o\0\0\0F\0K\0_\0L\0o\0p\0H\0o\0c\0P\0h\0a\0n\0_\0M\0o\0n\0H\0o\0c\0\0\0\0\0\0\0\0\0\0\0\\0\0\0\0\0\0\0\0\0\0\0\0\0\0\0\0J{J{\0\0\0\0\0\0\0\0\0\0\0\0\0\0\0\0\0\0\0\0\0\0\0.\0\0\0\0\0\0\0\0\0d\0b\0o\0\0\0F\0K\0_\0M\0o\0n\0H\0o\0c\0_\0K\0h\0o\0a\0\0\0\0\0\0\0\0\0\0\0\\0\0\0\0\0\0\0\0\0\0\0\0\0\0\0\0L{L{\0\0\0\0\0\0\0\0\0\0\0\0\0\0\0\0\0\0\0\0\0\0\0\0\0\0\0\0\0\0\0\0\0\0\0\\0\0\0(\0\0\0A\0c\0t\0i\0v\0e\0T\0a\0b\0l\0e\0V\0i\0e\0w\0M\0o\0d\0e\0\0\0\0\0\0\0\0\0\01\0\0\0 \0\0\0T\0a\0b\0l\0e\0V\0i\0e\0w\0M\0o\0d\0e\0:\00\0\0\0\0\0\0\0:\0\0\04\0,\00\0,\02\08\04\0,\00\0,\02\02\09\05\0,\01\0,\01\08\07\05\0,\05\0,\01\02\04\05\0\0\0 \0\0\0T\0a\0b\0l\0e\0V\0i\0e\0w\0M\0o\0d\0e\0:\01\0\0\0\0\0\0\0\0\0\02\0,\00\0,\02\08\04\0,\00\0,\02\04\04\05\0\0\0 \0\0\0T\0a\0b\0l\0e\0V\0i\0e\0w\0M\0o\0d\0e\0:\02\0\0\0\0\0\0\0\0\0\02\0,\00\0,\02\08\04\0,\00\0,\02\02\09\05\0\0\0 \0\0\0T\0a\0b\0l\0e\0V\0i\0e\0w\0M\0o\0d\0e\0:\03\0\0\0\0\0\0\0\0\0\02\0,\00\0,\02\08\04\0,\00\0,\02\02\09\05\0\0\0 \0\0\0T\0a\0b\0l\0e\0V\0i\0e\0w\0M\0o\0d\0e\0:\04\0\0\0\0\0\0\0>\0\0\04\0,\00\0,\02\08\04\0,\00\0,\02\02\09\05\0,\01\02\0,\02\07\01\05\0,\01\01\0,\01\06\06\05\0\0\0\Z\0\0\0\Z\0\0\0\0\0\0\04\0\0\0\0\0\0\0\0\0d\0b\0o\0\0\0F\0K\0_\0L\0o\0p\0H\0o\0c\0P\0h\0a\0n\0_\0N\0a\0m\0\0\0\0\0\0\0\0\0\0\0\\0\0\0\0\0\0\0\0\0\0\Z\0\0\0\0\0\0O{O{\0\0\0\0\0\0\0\0\0\0\0\0\0\0\0\0\0\0\0\0\0\0\0\0\0\0\0\0\0\0\0\0\0\0\0\\0\0\0(\0\0\0A\0c\0t\0i\0v\0e\0T\0a\0b\0l\0e\0V\0i\0e\0w\0M\0o\0d\0e\0\0\0\0\0\0\0\0\0\01\0\0\0 \0\0\0T\0a\0b\0l\0e\0V\0i\0e\0w\0M\0o\0d\0e\0:\00\0\0\0\0\0\0\0:\0\0\04\0,\00\0,\02\08\04\0,\00\0,\02\02\09\05\0,\01\0,\01\08\07\05\0,\05\0,\01\02\04\05\0\0\0 \0\0\0T\0a\0b\0l\0e\0V\0i\0e\0w\0M\0o\0d\0e\0:\01\0\0\0\0\0\0\0\0\0\02\0,\00\0,\02\08\04\0,\00\0,\02\07\01\05\0\0\0 \0\0\0T\0a\0b\0l\0e\0V\0i\0e\0w\0M\0o\0d\0e\0:\02\0\0\0\0\0\0\0\0\0\02\0,\00\0,\02\08\04\0,\00\0,\02\02\09\05\0\0\0 \0\0\0T\0a\0b\0l\0e\0V\0i\0e\0w\0M\0o\0d\0e\0:\03\0\0\0\0\0\0\0\0\0\02\0,\00\0,\02\08\04\0,\00\0,\02\02\09\05\0\0\0 \0\0\0T\0a\0b\0l\0e\0V\0i\0e\0w\0M\0o\0d\0e\0:\04\0\0\0\0\0\0\0>\0\0\04\0,\00\0,\02\08\04\0,\00\0,\02\02\09\05\0,\01\02\0,\02\07\01\05\0,\01\01\0,\01\06\06\05\0\0\0\0\0\0\0\0\0\0\0\0\0H\0\0\0\U\0\0\0d\0b\0o\0\0\0F\0K\0_\0N\0h\0a\0n\0V\0i\0e\0n\0P\0h\0o\0n\0g\0D\0a\0o\0T\0a\0o\0_\0K\0h\0o\0a\0\0\0\0\0\0\0\0\0\0\0\\0\0\0\0\0\0\0\0\0\0\0\0\0\0\0\0N{N{\0\0\0\0\0\0\0\0\0\0\0\0\0\0\0\0\0\0\0\0\0\0\0\0\0\0\0\0\0\0\0\0\0\0\0\\0\0\0(\0\0\0A\0c\0t\0i\0v\0e\0T\0a\0b\0l\0e\0V\0i\0e\0w\0M\0o\0d\0e\0\0\0\0\0\0\0\0\0\01\0\0\0 \0\0\0T\0a\0b\0l\0e\0V\0i\0e\0w\0M\0o\0d\0e\0:\00\0\0\0\0\0\0\0:\0\0\04\0,\00\0,\02\08\04\0,\00\0,\02\02\09\05\0,\01\0,\01\08\07\05\0,\05\0,\01\02\04\05\0\0\0 \0\0\0T\0a\0b\0l\0e\0V\0i\0e\0w\0M\0o\0d\0e\0:\01\0\0\0\0\0\0\0\0\0\02\0,\00\0,\02\08\04\0,\00\0,\02\04\07\05\0\0\0 \0\0\0T\0a\0b\0l\0e\0V\0i\0e\0w\0M\0o\0d\0e\0:\02\0\0\0\0\0\0\0\0\0\02\0,\00\0,\02\08\04\0,\00\0,\02\02\09\05\0\0\0 \0\0\0T\0a\0b\0l\0e\0V\0i\0e\0w\0M\0o\0d\0e\0:\03\0\0\0\0\0\0\0\0\0\02\0,\00\0,\02\08\04\0,\00\0,\02\02\09\05\0\0\0 \0\0\0T\0a\0b\0l\0e\0V\0i\0e\0w\0M\0o\0d\0e\0:\04\0\0\0\0\0\0\0>\0\0\04\0,\00\0,\02\08\04\0,\00\0,\02\02\09\05\0,\01\02\0,\02\07\01\05\0,\01\01\0,\01\06\06\05\0\0\0 \0\0\0 \0\0\0\0\0\0\0\0\0\0\0\0\0\0\0\0\0\0\0\\0\0\0(\0\0\0A\0c\0t\0i\0v\0e\0T\0a\0b\0l\0e\0V\0i\0e\0w\0M\0o\0d\0e\0\0\0\0\0\0\0\0\0\01\0\0\0 \0\0\0T\0a\0b\0l\0e\0V\0i\0e\0w\0M\0o\0d\0e\0:\00\0\0\0\0\0\0\0:\0\0\04\0,\00\0,\02\08\04\0,\00\0,\02\02\09\05\0,\01\0,\01\08\07\05\0,\05\0,\01\02\04\05\0\0\0 \0\0\0T\0a\0b\0l\0e\0V\0i\0e\0w\0M\0o\0d\0e\0:\01\0\0\0\0\0\0\0\0\0\02\0,\00\0,\02\08\04\0,\00\0,\02\07\01\05\0\0\0 \0\0\0T\0a\0b\0l\0e\0V\0i\0e\0w\0M\0o\0d\0e\0:\02\0\0\0\0\0\0\0\0\0\02\0,\00\0,\02\08\04\0,\00\0,\02\02\09\05\0\0\0 \0\0\0T\0a\0b\0l\0e\0V\0i\0e\0w\0M\0o\0d\0e\0:\03\0\0\0\0\0\0\0\0\0\02\0,\00\0,\02\08\04\0,\00\0,\02\02\09\05\0\0\0 \0\0\0T\0a\0b\0l\0e\0V\0i\0e\0w\0M\0o\0d\0e\0:\04\0\0\0\0\0\0\0>\0\0\04\0,\00\0,\02\08\04\0,\00\0,\02\02\09\05\0,\01\02\0,\02\07\01\05\0,\01\01\0,\01\06\06\05\0\0\0!\0\0\0!\0\0\0\0\0\0\0J\0\0\0\05\0\0\0\0d\0b\0o\0\0\0F\0K\0_\0P\0h\0i\0e\0u\0D\0a\0n\0g\0K\0y\0L\0H\0P\0_\0L\0o\0p\0H\0o\0c\0P\0h\0a\0n\0\0\0\0\0\0\0\0\0\0\0\\0\0\0\0\"\0\0\0\"\0\0\0!\0\0\0\0\0\0L{L{\0\0\0\0\0\0\0\0\0\0\0\0\0#\0\0\0#\0\0\0\0\0\0\0>\0\0\0\\S\0\0\0d\0b\0o\0\0\0F\0K\0_\0P\0h\0i\0e\0u\0D\0a\0n\0g\0K\0y\0L\0H\0P\0_\0N\0h\0o\0m\0\0\0\0\0\0\0\0\0\0\0\\0\0\0\0$\0\0\0$\0\0\0#\0\0\0\0\0\0K{K{\0\0\0\0\0\0\0\0\0\0\0\0\0%\0\0\0%\0\0\0\0\0\0\0\0\0\0\0\0\0\0\0\0\0\0\0\\0\0\0(\0\0\0A\0c\0t\0i\0v\0e\0T\0a\0b\0l\0e\0V\0i\0e\0w\0M\0o\0d\0e\0\0\0\0\0\0\0\0\0\01\0\0\0 \0\0\0T\0a\0b\0l\0e\0V\0i\0e\0w\0M\0o\0d\0e\0:\00\0\0\0\0\0\0\0:\0\0\04\0,\00\0,\02\08\04\0,\00\0,\02\02\09\05\0,\01\0,\01\08\07\05\0,\05\0,\01\02\04\05\0\0\0 \0\0\0T\0a\0b\0l\0e\0V\0i\0e\0w\0M\0o\0d\0e\0:\01\0\0\0\0\0\0\0\0\0\02\0,\00\0,\02\08\04\0,\00\0,\02\04\07\05\0\0\0 \0\0\0T\0a\0b\0l\0e\0V\0i\0e\0w\0M\0o\0d\0e\0:\02\0\0\0\0\0\0\0\0\0\02\0,\00\0,\02\08\04\0,\00\0,\02\02\09\05\0\0\0 \0\0\0T\0a\0b\0l\0e\0V\0i\0e\0w\0M\0o\0d\0e\0:\03\0\0\0\0\0\0\0\0\0\02\0,\00\0,\02\08\04\0,\00\0,\02\02\09\05\0\0\0 \0\0\0T\0a\0b\0l\0e\0V\0i\0e\0w\0M\0o\0d\0e\0:\04\0\0\0\0\0\0\0>\0\0\04\0,\00\0,\02\08\04\0,\00\0,\02\02\09\05\0,\01\02\0,\02\07\01\05\0,\01\01\0,\01\06\06\05\0\0\0&\0\0\0&\0\0\0\0\0\0\0\0\0\0\0\0\0\0\0\0\0\0\0\\0\0\0(\0\0\0A\0c\0t\0i\0v\0e\0T\0a\0b\0l\0e\0V\0i\0e\0w\0M\0o\0d\0e\0\0\0\0\0\0\0\0\0\01\0\0\0 \0\0\0T\0a\0b\0l\0e\0V\0i\0e\0w\0M\0o\0d\0e\0:\00\0\0\0\0\0\0\0:\0\0\04\0,\00\0,\02\08\04\0,\00\0,\02\02\09\05\0,\01\0,\01\08\07\05\0,\05\0,\01\02\04\05\0\0\0 \0\0\0T\0a\0b\0l\0e\0V\0i\0e\0w\0M\0o\0d\0e\0:\01\0\0\0\0\0\0\0\0\0\02\0,\00\0,\02\08\04\0,\00\0,\02\07\01\05\0\0\0 \0\0\0T\0a\0b\0l\0e\0V\0i\0e\0w\0M\0o\0d\0e\0:\02\0\0\0\0\0\0\0\0\0\02\0,\00\0,\02\08\04\0,\00\0,\02\02\09\05\0\0\0 \0\0\0T\0a\0b\0l\0e\0V\0i\0e\0w\0M\0o\0d\0e\0:\03\0\0\0\0\0\0\0\0\0\02\0,\00\0,\02\08\04\0,\00\0,\02\02\09\05\0\0\0 \0\0\0T\0a\0b\0l\0e\0V\0i\0e\0w\0M\0o\0d\0e\0:\04\0\0\0\0\0\0\0>\0\0\04\0,\00\0,\02\08\04\0,\00\0,\02\02\09\05\0,\01\02\0,\02\07\01\05\0,\01\01\0,\01\06\06\05\0\0\0\'\0\0\0\'\0\0\0\0\0\0\0F\0\0\0\U\0\0\0d\0b\0o\0\0\0F\0K\0_\0P\0h\0i\0e\0u\0D\0a\0n\0g\0K\0y\0L\0H\0P\0_\0S\0i\0n\0h\0V\0i\0e\0n\0\0\0\0\0\0\0\0\0\0\0\\0\0\0\0(\0\0\0(\0\0\0\'\0\0\0\0\0\0H{H{\0\0\0\0\0\0\0\0\0\0\0\0\0)\0\0\0)\0\0\0\0\0\0\0\0\0\0\0\0\0\0\0\0\0\0\0\\0\0\0(\0\0\0A\0c\0t\0i\0v\0e\0T\0a\0b\0l\0e\0V\0i\0e\0w\0M\0o\0d\0e\0\0\0\0\0\0\0\0\0\01\0\0\0 \0\0\0T\0a\0b\0l\0e\0V\0i\0e\0w\0M\0o\0d\0e\0:\00\0\0\0\0\0\0\0:\0\0\04\0,\00\0,\02\08\04\0,\00\0,\02\02\09\05\0,\01\0,\01\08\07\05\0,\05\0,\01\02\04\05\0\0\0 \0\0\0T\0a\0b\0l\0e\0V\0i\0e\0w\0M\0o\0d\0e\0:\01\0\0\0\0\0\0\0\0\0\02\0,\00\0,\02\08\04\0,\00\0,\03\03\07\05\0\0\0 \0\0\0T\0a\0b\0l\0e\0V\0i\0e\0w\0M\0o\0d\0e\0:\02\0\0\0\0\0\0\0\0\0\02\0,\00\0,\02\08\04\0,\00\0,\02\02\09\05\0\0\0 \0\0\0T\0a\0b\0l\0e\0V\0i\0e\0w\0M\0o\0d\0e\0:\03\0\0\0\0\0\0\0\0\0\02\0,\00\0,\02\08\04\0,\00\0,\02\02\09\05\0\0\0 \0\0\0T\0a\0b\0l\0e\0V\0i\0e\0w\0M\0o\0d\0e\0:\04\0\0\0\0\0\0\0>\0\0\04\0,\00\0,\02\08\04\0,\00\0,\02\02\09\05\0,\01\02\0,\02\07\01\05\0,\01\01\0,\01\06\06\05\0\0\0*\0\0\0*\0\0\0\0\0\0\0l\0\0\0vc\0\0\0d\0b\0o\0\0\0F\0K\0_\0D\0S\0_\0S\0i\0n\0h\0V\0i\0e\0n\0_\0T\0r\0o\0n\0g\0_\0L\0o\0p\0_\0B\0i\0e\0n\0_\0C\0h\0e\0_\0L\0o\0p\0B\0i\0e\0n\0C\0h\0e\01\0\0\0\0\0\0\0\0\0\0\0\\0\0\0\0+\0\0\0+\0\0\0*\0\0\0\0\0\0G{G{\0\0\0\0\0\0\0\0\0\0\0\0\0,\0\0\0,\0\0\0\0\0\0\0f\0\0\0vc\0\0\0d\0b\0o\0\0\0F\0K\0_\0D\0S\0_\0S\0i\0n\0h\0V\0i\0e\0n\0_\0T\0r\0o\0n\0g\0_\0L\0o\0p\0_\0B\0i\0e\0n\0_\0C\0h\0e\0_\0S\0i\0n\0h\0V\0i\0e\0n\0\0\0\0\0\0\0\0\0\0\0\\0\0\0\0-\0\0\0-\0\0\0,\0\0\0\0\0\0E{E{\0\0\0\0\0\0\0\0\0\0\0\0\0.\0\0\0.\0\0\0\0\0\0\0\0\0\0\0\0\0\0\0\0\0\0\0\\0\0\0(\0\0\0A\0c\0t\0i\0v\0e\0T\0a\0b\0l\0e\0V\0i\0e\0w\0M\0o\0d\0e\0\0\0\0\0\0\0\0\0\01\0\0\0 \0\0\0T\0a\0b\0l\0e\0V\0i\0e\0w\0M\0o\0d\0e\0:\00\0\0\0\0\0\0\0:\0\0\04\0,\00\0,\02\08\04\0,\00\0,\02\02\09\05\0,\01\0,\01\08\07\05\0,\05\0,\01\02\04\05\0\0\0 \0\0\0T\0a\0b\0l\0e\0V\0i\0e\0w\0M\0o\0d\0e\0:\01\0\0\0\0\0\0\0\0\0\02\0,\00\0,\02\08\04\0,\00\0,\02\07\01\05\0\0\0 \0\0\0T\0a\0b\0l\0e\0V\0i\0e\0w\0M\0o\0d\0e\0:\02\0\0\0\0\0\0\0\0\0\02\0,\00\0,\02\08\04\0,\00\0,\02\02\09\05\0\0\0 \0\0\0T\0a\0b\0l\0e\0V\0i\0e\0w\0M\0o\0d\0e\0:\03\0\0\0\0\0\0\0\0\0\02\0,\00\0,\02\08\04\0,\00\0,\02\02\09\05\0\0\0 \0\0\0T\0a\0b\0l\0e\0V\0i\0e\0w\0M\0o\0d\0e\0:\04\0\0\0\0\0\0\0>\0\0\04\0,\00\0,\02\08\04\0,\00\0,\02\02\09\05\0,\01\02\0,\02\07\01\05\0,\01\01\0,\01\06\06\05\0\0\0/\0\0\0/\0\0\0\0\0\0\0\\\0\0\0jT\0\0\0d\0b\0o\0\0\0F\0K\0_\0D\0S\0_\0S\0i\0n\0h\0V\0i\0e\0n\0_\0T\0h\0e\0o\0_\0N\0g\0a\0n\0h\0_\0C\0h\0u\0y\0e\0n\0N\0g\0a\0n\0h\0\0\0\0\0\0\0\0\0\0\0\\0\0\0\00\0\0\00\0\0\0/\0\0\0\0\0\0H{@H{\0\0\0\0\0\0\0\0\0\0\0\0\01\0\0\01\0\0\0\0\0\0\0X\0\0\0v\0\0\0d\0b\0o\0\0\0F\0K\0_\0D\0S\0_\0S\0i\0n\0h\0V\0i\0e\0n\0_\0T\0h\0e\0o\0_\0N\0g\0a\0n\0h\0_\0S\0i\0n\0h\0V\0i\0e\0n\01\0\0\0\0\0\0\0\0\0\0\0\\0\0\0\02\0\0\02\0\0\01\0\0\0\0\0\0G{\0G{\0\0\0\0\0\0\0\0\0\0\0\0\03\0\0\03\0\0\0\0\0\0\0\0\0\0\0\0\0\0\0\0\0\0\0\\0\0\0(\0\0\0A\0c\0t\0i\0v\0e\0T\0a\0b\0l\0e\0V\0i\0e\0w\0M\0o\0d\0e\0\0\0\0\0\0\0\0\0\01\0\0\0 \0\0\0T\0a\0b\0l\0e\0V\0i\0e\0w\0M\0o\0d\0e\0:\00\0\0\0\0\0\0\0:\0\0\04\0,\00\0,\02\08\04\0,\00\0,\02\02\09\05\0,\01\0,\01\08\07\05\0,\05\0,\01\02\04\05\0\0\0 \0\0\0T\0a\0b\0l\0e\0V\0i\0e\0w\0M\0o\0d\0e\0:\01\0\0\0\0\0\0\0\0\0\02\0,\00\0,\02\08\04\0,\00\0,\02\07\01\05\0\0\0 \0\0\0T\0a\0b\0l\0e\0V\0i\0e\0w\0M\0o\0d\0e\0:\02\0\0\0\0\0\0\0\0\0\02\0,\00\0,\02\08\04\0,\00\0,\02\02\09\05\0\0\0 \0\0\0T\0a\0b\0l\0e\0V\0i\0e\0w\0M\0o\0d\0e\0:\03\0\0\0\0\0\0\0\0\0\02\0,\00\0,\02\08\04\0,\00\0,\02\02\09\05\0\0\0 \0\0\0T\0a\0b\0l\0e\0V\0i\0e\0w\0M\0o\0d\0e\0:\04\0\0\0\0\0\0\0>\0\0\04\0,\00\0,\02\08\04\0,\00\0,\02\02\09\05\0,\01\02\0,\02\07\01\05\0,\01\01\0,\01\06\06\05\0\0\04\0\0\04\0\0\0\0\0\0\0T\0\0\0\0\0\0d\0b\0o\0\0\0F\0K\0_\0T\0a\0i\0K\0h\0o\0a\0n\0N\0V\0_\0N\0h\0a\0n\0V\0i\0e\0n\0P\0h\0o\0n\0g\0D\0a\0o\0T\0a\0o\0\0\0\0\0\0\0\0\0\0\0\\0\0\0\05\0\0\05\0\0\04\0\0\0\0\0\0@{@{\0\0\0\0\0\0\0\0\0\0\0\0\06\0\0\06\0\0\0\0\0\0\0\0\0\0\0\0\0\0\0\0\0\0\0\\0\0\0(\0\0\0A\0c\0t\0i\0v\0e\0T\0a\0b\0l\0e\0V\0i\0e\0w\0M\0o\0d\0e\0\0\0\0\0\0\0\0\0\01\0\0\0 \0\0\0T\0a\0b\0l\0e\0V\0i\0e\0w\0M\0o\0d\0e\0:\00\0\0\0\0\0\0\0:\0\0\04\0,\00\0,\02\08\04\0,\00\0,\02\02\09\05\0,\01\0,\01\08\07\05\0,\05\0,\01\02\04\05\0\0\0 \0\0\0T\0a\0b\0l\0e\0V\0i\0e\0w\0M\0o\0d\0e\0:\01\0\0\0\0\0\0\0\0\0\02\0,\00\0,\02\08\04\0,\00\0,\02\07\01\05\0\0\0 \0\0\0T\0a\0b\0l\0e\0V\0i\0e\0w\0M\0o\0d\0e\0:\02\0\0\0\0\0\0\0\0\0\02\0,\00\0,\02\08\04\0,\00\0,\02\02\09\05\0\0\0 \0\0\0T\0a\0b\0l\0e\0V\0i\0e\0w\0M\0o\0d\0e\0:\03\0\0\0\0\0\0\0\0\0\02\0,\00\0,\02\08\04\0,\00\0,\02\02\09\05\0\0\0 \0\0\0T\0a\0b\0l\0e\0V\0i\0e\0w\0M\0o\0d\0e\0:\04\0\0\0\0\0\0\0>\0\0\04\0,\00\0,\02\08\04\0,\00\0,\02\02\09\05\0,\01\02\0,\02\07\01\05\0,\01\01\0,\01\06\06\05\0\0\07\0\0\07\0\0\0\0\0\0\0:\0\0\0\\S\0\0\0d\0b\0o\0\0\0F\0K\0_\0T\0a\0i\0K\0h\0o\0a\0n\0_\0S\0i\0n\0h\0V\0i\0e\0n\0\0\0\0\0\0\0\0\0\0\0\\0\0\0\08\0\0\08\0\0\07\0\0\0\0\0\0E{E{\0\0\0\0\0\0\0\0\0\0\0\0\09\0\0\09\0\0\0\0\0\0\0\0\0\0\0\0\0\0\0\0\0\0\0\\0\0\0(\0\0\0A\0c\0t\0i\0v\0e\0T\0a\0b\0l\0e\0V\0i\0e\0w\0M\0o\0d\0e\0\0\0\0\0\0\0\0\0\01\0\0\0 \0\0\0T\0a\0b\0l\0e\0V\0i\0e\0w\0M\0o\0d\0e\0:\00\0\0\0\0\0\0\0:\0\0\04\0,\00\0,\02\08\04\0,\00\0,\02\02\09\05\0,\01\0,\01\08\07\05\0,\05\0,\01\02\04\05\0\0\0 \0\0\0T\0a\0b\0l\0e\0V\0i\0e\0w\0M\0o\0d\0e\0:\01\0\0\0\0\0\0\0\0\0\02\0,\00\0,\02\08\04\0,\00\0,\03\04\09\05\0\0\0 \0\0\0T\0a\0b\0l\0e\0V\0i\0e\0w\0M\0o\0d\0e\0:\02\0\0\0\0\0\0\0\0\0\02\0,\00\0,\02\08\04\0,\00\0,\02\02\09\05\0\0\0 \0\0\0T\0a\0b\0l\0e\0V\0i\0e\0w\0M\0o\0d\0e\0:\03\0\0\0\0\0\0\0\0\0\02\0,\00\0,\02\08\04\0,\00\0,\02\02\09\05\0\0\0 \0\0\0T\0a\0b\0l\0e\0V\0i\0e\0w\0M\0o\0d\0e\0:\04\0\0\0\0\0\0\0>\0\0\04\0,\00\0,\02\08\04\0,\00\0,\02\02\09\05\0,\01\02\0,\02\07\01\05\0,\01\01\0,\01\06\06\05\0\0\0:\0\0\0:\0\0\0\0\0\0\0b\0\0\0\\0\0\0d\0b\0o\0\0\0F\0K\0_\0T\0h\0o\0i\0G\0i\0a\0n\0_\0P\0h\0o\0n\0g\0H\0o\0c\0_\0G\0i\0a\0n\0g\0V\0i\0e\0n\0_\0G\0i\0a\0n\0g\0V\0i\0e\0n\0\0\0\0\0\0\0\0\0\0\0\\0\0\0\0;\0\0\0;\0\0\0:\0\0\0\0\0\0E{@E{\0\0\0\0\0\0\0\0\0\0\0\0\0<\0\0\0<\0\0\0\0\0\0\0P\0\0\0\05\0\0\0\0d\0b\0o\0\0\0F\0K\0_\0T\0h\0o\0i\0G\0i\0a\0n\0_\0P\0h\0o\0n\0g\0H\0o\0c\0_\0L\0o\0p\0H\0o\0c\0P\0h\0a\0n\0\0\0\0\0\0\0\0\0\0\0\\0\0\0\0=\0\0\0=\0\0\0<\0\0\0\0\0\0E{\0E{\0\0\0\0\0\0\0\0\0\0\0\0\0>\0\0\0>\0\0\0\0\0\0\0D\0\0\0H\r\0\0\0d\0b\0o\0\0\0F\0K\0_\0T\0h\0o\0i\0G\0i\0a\0n\0_\0P\0h\0o\0n\0g\0H\0o\0c\0_\0N\0h\0o\0m\0\0\0\0\0\0\0\0\0\0\0\\0\0\0\0?\0\0\0?\0\0\0>\0\0\0\0\0\0G{@G{\0\0\0\0\0\0\0\0\0\0\0\0\0@\0\0\0@\0\0\0\0\0\0\0L\0\0\0d\0\0\0d\0b\0o\0\0\0F\0K\0_\0T\0h\0o\0i\0G\0i\0a\0n\0_\0P\0h\0o\0n\0g\0H\0o\0c\0_\0P\0h\0o\0n\0g\0H\0o\0c\0\0\0\0\0\0\0\0\0\0\0\\0\0\0\0A\0\0\0A\0\0\0@\0\0\0\0\0\0F{F{\0\0\0\0\0\0\0\0\0\0\0\0\0s\0\0\0/\0\0\0\0\0\0.\0\0\0M\0\0\0h\0\0\0\0\0\0\0\0\0\0\0\0u\0\0\0b\0\0\0:\0\0\0\0\0\09\0\0\0Q\0\0\0`\0\0\0\r\0\0\0\0\0\0\0\0\0\0\0\0\Z\0\0\0\0\0\0\0\0\0\0\0\0H\0\0\0\0\0\0\0\0\0\0\0\0\0\0\0m\0\0\0|\0\0\0\0\0\0\0\0\0\0\0\0!\0\0\0\'\0\0\0\n\0\0\0\0\0\0\0\0\0\0\0\0K\0\0\0\0\0\0\0\0\0\0\0\0\0\0\0\0\0\0*\0\0\0\0\0\0)\0\0\0U\0\0\0\\\0\0\0<\0\0\0\0\0\09\0\0\0N\0\0\0a\0\0\0!\0\0\0\0\0\0 \0\0\0\0\0\0S\0\0\0\0\0\0\0\0\0\0\0\0\0\0\0\0\0\0\0\0\0\0\0\0\0\0\0\0\0\0\0_\0\0\0\Z\0\0\0\0\0\0\0\0\0J\0\0\0_\0\0\04\0\0\0\0\0\03\0\0\0M\0\0\0L\0\0\0>\0\0\0\0\0\09\0\0\0F\0\0\0o\0\0\0#\0\0\0\0\0\0 \0\0\0E\0\0\0D\0\0\0@\0\0\0%\0\0\09\0\0\0\0\0\0\0	\0\0\07\0\0\0&\0\0\06\0\0\0W\0\0\0V\0\0\01\0\0\0&\0\0\0.\0\0\0\0\0\0U\0\0\0,\0\0\0&\0\0\0)\0\0\0V\0\0\0i\0\0\0\'\0\0\0&\0\0\0 \0\0\0\0\0\0-\0\0\0\0\0\0\0\0\0\0\0\0\0\0\0\0\0\0\0\0\0\0\0\0\0\0\0\0\0\0\0\0\0\0\0\0\0\0\0\0\0\0\0\0\0\0\0\0\0\0\0\0\0\0\0\0\0\0\0\0\0\0\0\0\0\0\0\0\0\0\0\0\0\0\0\0\0\0\0\0\0\0\0\0\0\0\0\0\0\0\0\0\0\0\0\0\0\0\0\0\0\0\0\0\0\0\0\0\0\0\0\0\0\0\0\0\0\0\0\0\0\0\0\0\0\0\0\0\0\0\0\0\0\0\0\0\0\0\0\0\0\0\0\0\0\0\0\0\0\0\0\0\0\0\0\0\0\0\0\0\0\0\0\0\0\0\0\0\0\0\0\0\0\0\0\0\0\0\0\0\0\0\0\0\0\0\0\0\0\0\0\0\0\0\0\0\0\0\0\0\0\0\0\0\0\0\0\0\0\0\0\0\0\0\0\0\0\0\0\0\0\0\0\0\0\0\0\0\0\0\0\0\0\0\0\0\0\0\0\0\0\0\0\0\0\0\0\0\0\0\0\0\0\0\0\0\0\0\0\0\0\0\0\0\0\0\0\0\0\0\0\0\0\0\0\0\0\0\0\0\0\0\0\0\0\0\0\0\0\0\0\0\0\0\0\0\0\0\0\0\0\0\0\0\0\0\0\0\0\0\0\0\0\0\0\0\0\0\0\0\0\0\0\0\0\0\0\0\0\0\0\0\0\0\0\0\0\0\0\0\0\0\0\0\0\0\0\0\0\0\0\0\0\0\0\0\0\0\0\0\0\0\0\0\0\0\0\0\0\0\0\0\0\0\0\0\0\0\0\0\0\0\0\0\0\0\0\0\0\0\0\0\0\0\0\0\0\0\0\0\0\0\0\0\0\0\0\0\0\0\0\0\0\0\0\0\0\0\0\0\0\0\0\0\0\0\0\0\0\0\0\0\0\0\0\0\0\0\0\0\0\0\0\0\0\0\0\0\0\0\0\0\0\0\0\0\0\0\0\0\0\0\0\0\0\0\0\0\0\0\0\0\0\0\0\0\0\0=\04\00\09\06\0;\0A\0p\0p\0l\0i\0c\0a\0t\0i\0o\0n\0 \0N\0a\0m\0e\0=\0\"\0M\0i\0c\0r\0o\0s\0o\0f\0t\0 \0S\0Q\0L\0 \0S\0e\0r\0v\0e\0r\0 \0M\0a\0n\0a\0g\0e\0m\0e\0n\0t\0 \0S\0t\0u\0d\0i\0o\0\"\0\0\0\0\0\0\0\0D\0i\0a\0g\0r\0a\0m\0_\00\0\0\0\0&\08\0\0\0T\0h\0o\0i\0G\0i\0a\0n\0_\0P\0h\0o\0n\0g\0H\0o\0c\0_\0G\0i\0a\0n\0g\0V\0i\0e\0n\0\0\0\0\0\0d\0b\0o\0\0\0\0&\0\0\0\0T\0a\0i\0K\0h\0o\0a\0n\0S\0V\0\0\0\0\0\0d\0b\0o\0\0\0\0&\0\0\0\0T\0a\0i\0K\0h\0o\0a\0n\0N\0V\0\0\0\0\0\0d\0b\0o\0\0\0\0&\0*\0\0\0S\0i\0n\0h\0V\0i\0e\0n\0_\0T\0h\0u\0o\0c\0_\0N\0g\0a\0n\0h\0\0\0\0\0\0d\0b\0o\0\0\0\0&\08\0\0\0S\0i\0n\0h\0V\0i\0e\0n\0_\0T\0h\0u\0o\0c\0_\0L\0o\0p\0_\0B\0i\0e\0n\0_\0C\0h\0e\0\0\0\0\0\0d\0b\0o\0\0\0\0&\0\0\0\0S\0i\0n\0h\0V\0i\0e\0n\0\0\0\0\0\0d\0b\0o\0\0\0\0&\0\0\0\0P\0h\0o\0n\0g\0H\0o\0c\0\0\0\0\0\0d\0b\0o\0\0\0\0&\0\0\0\0P\0h\0i\0e\0u\0D\0a\0n\0g\0K\0y\0L\0H\0P\0\0\0\0\0\0d\0b\0o\0\0\0\0&\0\n\0\0\0N\0h\0o\0m\0\0\0\0\0\0d\0b\0o\0\0\0\0&\0(\0\0\0N\0h\0a\0n\0V\0i\0e\0n\0P\0h\0o\0n\0g\0D\0a\0o\0T\0a\0o\0\0\0\0\0\0d\0b\0o\0\0\0\0&\0\0\0\0N\0a\0m\0\0\0\0\0\0d\0b\0o\0\0\0\0&\0\0\0\0M\0o\0n\0H\0o\0c\0P\0h\0a\0n\0\0\0\0\0\0d\0b\0o\0\0\0\0&\0\0\0\0L\0o\0p\0H\0o\0c\0P\0h\0a\0n\0\0\0\0\0\0d\0b\0o\0\0\0\0&\0\0\0\0L\0o\0p\0B\0i\0e\0n\0C\0h\0e\0\0\0\0\0\0d\0b\0o\0\0\0\0&\0\n\0\0\0K\0h\0o\0a\0\0\0\0\0\0d\0b\0o\0\0\0\0&\0\0\0\0H\0o\0c\0K\0y\0\0\0\0\0\0d\0b\0o\0\0\0\0&\0\0\0\0G\0i\0a\0n\0g\0V\0i\0e\0n\0\0\0\0\0\0d\0b\0o\0\0\0\0&\0\0\0\0C\0h\0u\0y\0e\0n\0N\0g\0a\0n\0h\0\0\0\0\0\0d\0b\0o\0\0\0\0$\0\"\0\0\0C\0h\0u\0o\0n\0g\0T\0r\0i\0n\0h\0K\0h\0u\0n\0g\0\0\0\0\0\0d\0b\0o\0\0\0\0\0\0օ	kE7d2p\0N\0\0\0{\01\06\03\04\0C\0D\0D\07\0-\00\08\08\08\0-\04\02\0E\03\0-\09\0F\0A\02\0-\0B\06\0D\03\02\05\06\03\0B\09\01\0D\0}\0\0\0\0\0\0\0\0\0\0\0\0\0\0\0\0\0\0\0\0\0\0\0\0\0\0\0\0\0\0\0\0\0\0\0\0\0\0\0\0\0\0\0\0\0\0\0\0\0\0\0\0\0\0\0\0\0\0\0\0\0\0\0\0\0\0\0\0\0\0\0\0\0\0\0\0\0\0\0\0\0\0\0\0\0\0\0\0\0\0\0\0\0\0\0\0\0\0\0\0\0\0\0\0\0\0\0\0\0\0\0\0\0\0\0\0\0\0\0\0\0\0\0\0\0\0\0\0\0\0\0\0\0\0\0\0\0\0\0\0\0\0\0\0\0\0\0\0\0\0\0\0\0\0\0\0\0\0\0\0\0\0\0\0\0\0\0\0\0\0\0\0\0\0\0\0\0\0\0\0\0\0\0\0\0\0\0\0\0\0\0\0\0\0\0\0\0\0\0\0\0\0\0\0\0\0\0\0\0\0\0\0\0\0\0\0\0\0\0\0\0\0\0\0\0\0\0\0\0\0\0\0\0\0\0\0\0\0\0\0\0\0\0\0\0\0\0\0\0\0\0\0\0\0\0\0\0\0\0\0\0\0\0\0\0\0\0\0\0\0\0\0\0\0\0\0\0\0\0\0\0\0\0\0\0\0\0\0\0\0\0\0\0\0\0\0\0\0\0\0\0\0\0\0\0\0\0\0\0\0\0\0\0\0\0\0\0\0\0\0\0\0\0\0\0\0\0\0\0\0\0\0\0\0\0\0\0\0\0\0\0\0\0\0\0\0\0\0\0\0\0\0\0\0\0\0\0\0\0\0\0\0\0\0\0\0\0\0\0\0\0\0\0\0\0\0\0\0\0\0\0\0\0\0\0\0\0\0\0\0\0\0\0\0\0\0\0\0\0\0\0\0\0\0\0\0\0bR');
/*!40000 ALTER TABLE `sysdiagrams` ENABLE KEYS */;
UNLOCK TABLES;

--
-- Dumping data for table `taikhoannv`
--

LOCK TABLES `taikhoannv` WRITE;
/*!40000 ALTER TABLE `taikhoannv` DISABLE KEYS */;
INSERT INTO `taikhoannv` VALUES ('01','$2b$10$q52kwa3BegsFoR3ND41L8efaxXystKuQnGAvmrcFLBGD0SQwaHOKy'),('02','123'),('03','123'),('04','123'),('05','123'),('06','123'),('07','$2b$10$/w.x5C78T3ZSu.B2vOs3I.Ib57v8X3vTCar0zJTauACgO2UC0WX3.');
/*!40000 ALTER TABLE `taikhoannv` ENABLE KEYS */;
UNLOCK TABLES;

--
-- Dumping data for table `taikhoansv`
--

LOCK TABLES `taikhoansv` WRITE;
/*!40000 ALTER TABLE `taikhoansv` DISABLE KEYS */;
INSERT INTO `taikhoansv` VALUES ('0001','$2b$10$quDFcyzvEi9x1h/EK/HGf.nVaA9vQw7q7PeT2nrMe6KNTI1up0gey'),('0002','$2b$10$yffOeRvmcZ2AIleN8sCQUeKOXMSUd7gJVeZm9ARmUo.JCBF.k.XS.'),('0004','1'),('0005','1'),('0006','1'),('0007','1'),('0008','1'),('0009','1'),('0010','1'),('0011','1'),('0012','1'),('0013','1'),('0014','1'),('0015','1'),('0017','$2b$10$EuQSUA4erzC.SD0PXbI9..5kBhai1./iM89w8wIAA4QNZBFNuW9YG'),('0018','$2b$10$EuQSUA4erzC.SD0PXbI9..5kBhai1./iM89w8wIAA4QNZBFNuW9YG'),('0019','$2b$10$EuQSUA4erzC.SD0PXbI9..5kBhai1./iM89w8wIAA4QNZBFNuW9YG'),('0020','$2b$10$EuQSUA4erzC.SD0PXbI9..5kBhai1./iM89w8wIAA4QNZBFNuW9YG');
/*!40000 ALTER TABLE `taikhoansv` ENABLE KEYS */;
UNLOCK TABLES;

--
-- Dumping data for table `thoigian_phonghoc_giangvien`
--

LOCK TABLES `thoigian_phonghoc_giangvien` WRITE;
/*!40000 ALTER TABLE `thoigian_phonghoc_giangvien` DISABLE KEYS */;
INSERT INTO `thoigian_phonghoc_giangvien` VALUES ('LT','LHP01','01-03','Thứ 2','A0.1(LT)','GV1','2020-07-06'),('LT','LHP02','01-03','Thứ 3','A0.1(LT)','GV2','2020-07-07'),('LT','LHP03','01-03','Thứ 4','A0.1(LT)','GV2','2020-07-08'),('LT','LHP04','04-06','Thứ 4','A0.4(LT)','GV7','2020-07-08'),('LT','LHP05','07-09','Thứ 2','A0.4(LT)','GV8','2020-07-05'),('LT','LHP10','01-03','Thứ 2','A0.2(LT)','GV3','2020-07-06'),('LT','LHP11','01-03','Thứ 3','A0.2(LT)','GV3','2020-07-07'),('LT','LHP12','01-03','Thứ 4','A0.2(LT)','GV4','2020-07-08'),('LT','LHP13','01-03','Thứ 5','A0.2(LT)','GV4','2020-07-09'),('LT','LHP14','01-03','Thứ 6','A0.2(LT)','GV3','2020-07-10'),('LT','LHP15','04-06','Thứ 2','A0.3(LT)','GV5','2020-07-06'),('LT','LHP16','04-06','Thứ 3','A0.3(LT)','GV5','2020-07-07'),('LT','LHP17','04-06','Thứ 4','A0.3(LT)','GV6','2020-07-08'),('LT','LHP18','07-09','Thứ 2','A0.1(LT)','GV11','2020-07-06'),('LT','LHP19','04-06','Thứ 3','A1.1(LT)','GV13','2020-07-07'),('LT','LHP20','04-06','Thứ 4','A0.1(LT)','GV11','2020-12-09'),('LT','LHP21','04-06','Thứ 5','A0.1(LT)','GV13','2020-12-10'),('LT','LHP22','01-03','Thứ 6','A1.1(LT)','GV11','2020-12-11'),('LT','LHP23','07-09','Thứ 6','A1.1(LT)','GV11','2020-12-11'),('LT','LHP24','01-03','Thứ 5','A1.1(LT)','GV13','2020-12-10'),('LT','LHP25','01-03','Thứ 2','C1.1(LT)','GV14','2020-12-07'),('LT','LHP26','04-06','Thứ 2','C1.1(LT)','GV14','2020-12-07'),('LT','LHP27','07-09','Thứ 2','C1.1(LT)','GV14','2020-12-07'),('LT','LHP28','01-03','Thứ 2','C1.2(LT)','GV15','2020-12-07'),('LT','LHP29','04-06','Thứ 3','C1.1(LT)','GV15','2020-12-07'),('LT','LHP30','01-03','Thứ 4','C0.3(LT)','GV16','2020-12-09'),('LT','LHP31','04-06','Thứ 4','C0.3(LT)','GV16','2020-12-09'),('LT','LHP32','01-03','Thứ 5','C0.3(LT)','GV17','2020-12-10'),('LT','LHP33','04-06','Thứ 5','C0.3(LT)','GV17','2020-12-10'),('LT','LHP34','01-03','Thứ 4','A1.4(LT)','GV18','2020-12-09'),('LT','LHP35','10-12','Thứ 4','A1.4(LT)','GV18','2020-12-09'),('LT','LHP36','01-03','Thứ 3','A1.4(LT)','GV19','2020-12-08'),('LT','LHP37','07-09','Thứ 3','A1.4(LT)','GV19','2020-12-08'),('LT','LHP38','07-09','Thứ 6','A1.2(LT)','GV20','2020-12-11'),('LT','LHP39','10-12','Thứ 6','A1.2(LT)','GV20','2020-12-11'),('LT','LHP40','10-12','Thứ 5','A1.3(LT)','GV21','2020-12-10'),('LT','LHP41','13-15','Thứ 5','A1.3(LT)','GV21','2020-12-10'),('LT','LHP42','10-12','Thứ 3','C1.3(LT)','GV22','2020-12-08'),('LT','LHP43','13-15','Thứ 3','C1.3(LT)','GV22','2020-12-08'),('LT','LHP44','04-06','Thứ 4','C1.3(LT)','GV23','2020-12-09'),('LT','LHP45','01-03','Thứ 4','C1.3(LT)','GV23','2020-12-09'),('LT','LHP46','01-03','Chủ nhật','C1.3(LT)','GV11','2020-12-13'),('LT','LHP47','04-06','Chủ nhật','C1.3(LT)','GV11','2020-12-13'),('LT','LHP48','07-09','Thứ 7','A0.4(LT)','GV13','2020-12-12'),('LT','LHP49','01-03','Thứ 7','A0.4(LT)','GV13','2020-12-12'),('LT','LHP50','01-03','Thứ 2','A0.1(LT)','GV1','2021-01-04'),('LT','LHP51','07-10','Thứ 2','A1.5(LT)','GV19','2020-12-09'),('TH1','LHP04','07-09','Thứ 6','B0.1(TH)','GV7','2020-07-31'),('TH1','LHP05','07-09','Thứ 5','B0.2(TH)','GV8','2020-07-30'),('TH1','LHP51','04-06','Chủ nhật','B0.3(TH)','GV19','2020-12-08'),('TH2','LHP04','10-12','Thứ 6','B0.1(TH)','GV7','2020-07-31'),('TH2','LHP05','10-12','Thứ 5','B0.2(TH)','GV8','2020-07-30'),('TH2','LHP51','07-09','Chủ nhật','B0.3(TH)','GV19','2020-12-08');
/*!40000 ALTER TABLE `thoigian_phonghoc_giangvien` ENABLE KEYS */;
UNLOCK TABLES;
/*!40103 SET TIME_ZONE=@OLD_TIME_ZONE */;

/*!40101 SET SQL_MODE=@OLD_SQL_MODE */;
/*!40014 SET FOREIGN_KEY_CHECKS=@OLD_FOREIGN_KEY_CHECKS */;
/*!40014 SET UNIQUE_CHECKS=@OLD_UNIQUE_CHECKS */;
/*!40101 SET CHARACTER_SET_CLIENT=@OLD_CHARACTER_SET_CLIENT */;
/*!40101 SET CHARACTER_SET_RESULTS=@OLD_CHARACTER_SET_RESULTS */;
/*!40101 SET COLLATION_CONNECTION=@OLD_COLLATION_CONNECTION */;
/*!40111 SET SQL_NOTES=@OLD_SQL_NOTES */;

-- Dump completed on 2022-04-01 15:16:10
